target,predictor_source,method,lead,transform,predictor_domain,eof_modes,downscale,generalized_roc,rpss,pearson_r,hit_rate
Kenya:MAM,obs_sst_field,cca,0,std_anom,indo_pacific,4,none,0.5216,-0.0494,0.0228,0.3454
Kenya:MAM,gcm_mos_sst,cca,0,std_anom,indo_pacific,4,none,0.493,-0.0825,-0.0595,0.3223
Kenya:MAM,obs_sst_field,cca,0,std_anom,indo_pacific,8,none,0.4911,-0.0989,-0.0444,0.3183
Kenya:MAM,gcm_mos_sst,cca,0,std_anom,indo_pacific,8,none,0.4897,-0.1122,-0.0738,0.3108
Kenya:MAM,obs_sst_field,cca,0,std_anom,indian,4,none,0.5379,-0.0471,0.1093,0.3683
Kenya:MAM,gcm_mos_sst,cca,0,std_anom,indian,4,none,0.4826,-0.0877,-0.0595,0.3036
Kenya:MAM,obs_sst_field,cca,0,std_anom,indian,8,none,0.5166,-0.0905,0.0498,0.3438
Kenya:MAM,gcm_mos_sst,cca,0,std_anom,indian,8,none,0.5025,-0.0802,-0.021,0.3178
Kenya:MAM,obs_sst_field,cca,0,std_anom,pacific,4,none,0.5237,-0.0562,0.018,0.3544
Kenya:MAM,gcm_mos_sst,cca,0,std_anom,pacific,4,none,0.5493,-0.0138,0.1002,0.3795
Kenya:MAM,obs_sst_field,cca,0,std_anom,pacific,8,none,0.5166,-0.0765,0.0112,0.3432
Kenya:MAM,gcm_mos_sst,cca,0,std_anom,pacific,8,none,0.5211,-0.0657,0.0123,0.348
Kenya:MAM,gcm_mos_precip,cca,0,std_anom,region,4,none,0.5471,-0.0087,0.1284,0.3667
Kenya:MAM,gcm_mos_precip,cca,0,std_anom,region,8,none,0.5472,-0.0081,0.1284,0.3688
Kenya:MAM,gcm_mos_precip,qm,0,std_anom,region,0,none,0.6404,0.0751,0.3581,0.356
Kenya:MAM,obs_index,regression,0,std_anom,nino34,0,none,0.5343,-0.0052,0.1493,0.3551
Kenya:MAM,gcm_index,regression,0,std_anom,nino34,0,none,0.532,-0.0067,0.1293,0.3515
Kenya:MAM,obs_index,regression,0,std_anom,iod,0,none,0.4093,-0.0972,-0.3175,0.2301
Kenya:MAM,gcm_index,regression,0,std_anom,iod,0,none,0.4643,-0.0572,-0.052,0.2713
Kenya:MAM,obs_index,regression,0,std_anom,wpg,0,none,0.5219,-0.0431,0.0302,0.3456
Kenya:MAM,gcm_index,regression,0,std_anom,wpg,0,none,0.5273,-0.0246,0.0716,0.3417
Kenya:MAM,obs_index,regression,0,std_anom,wvg,0,none,0.5054,-0.0518,-0.003,0.3324
Kenya:MAM,gcm_index,regression,0,std_anom,wvg,0,none,0.5223,-0.031,0.0609,0.3362
Kenya:MAM,obs_index,regression,0,std_anom,iwhg,0,none,0.507,-0.0421,0.04,0.3322
Kenya:MAM,gcm_index,regression,0,std_anom,iwhg,0,none,0.5179,-0.0241,0.0902,0.324
Kenya:MAM,persistence,regression,0,std_anom,region,0,none,0.464,-0.0582,-0.071,0.283
Kenya:MAM,obs_sst_field,cca,0,raw,indo_pacific,4,none,0.5329,-0.0441,0.0722,0.3665
Kenya:MAM,gcm_mos_sst,cca,0,raw,indo_pacific,4,none,0.4965,-0.0717,-0.0474,0.3245
Kenya:MAM,obs_sst_field,cca,0,raw,indo_pacific,8,none,0.488,-0.1026,-0.0442,0.3183
Kenya:MAM,gcm_mos_sst,cca,0,raw,indo_pacific,8,none,0.4881,-0.1031,-0.0906,0.3124
Kenya:MAM,obs_sst_field,cca,0,raw,indian,4,none,0.5547,-0.0279,0.1704,0.3739
Kenya:MAM,gcm_mos_sst,cca,0,raw,indian,4,none,0.4873,-0.0834,-0.018,0.3028
Kenya:MAM,obs_sst_field,cca,0,raw,indian,8,none,0.5213,-0.0754,0.0877,0.3431
Kenya:MAM,gcm_mos_sst,cca,0,raw,indian,8,none,0.5013,-0.0816,0.0055,0.3226
Kenya:MAM,obs_sst_field,cca,0,raw,pacific,4,none,0.524,-0.0647,0.02,0.3509
Kenya:MAM,gcm_mos_sst,cca,0,raw,pacific,4,none,0.5392,-0.0267,0.0587,0.3703
Kenya:MAM,obs_sst_field,cca,0,raw,pacific,8,none,0.5029,-0.0861,-0.0026,0.3325
Kenya:MAM,gcm_mos_sst,cca,0,raw,pacific,8,none,0.5146,-0.0712,-0.0054,0.3463
Kenya:MAM,gcm_mos_precip,cca,0,raw,region,4,none,0.5455,-0.0086,0.1399,0.3666
Kenya:MAM,gcm_mos_precip,cca,0,raw,region,8,none,0.5456,-0.0075,0.1399,0.3669
Kenya:MAM,gcm_mos_precip,qm,0,raw,region,0,none,0.6381,0.0739,0.3307,0.3541
Kenya:MAM,obs_index,regression,0,raw,nino34,0,none,0.5343,-0.0052,0.1538,0.3551
Kenya:MAM,gcm_index,regression,0,raw,nino34,0,none,0.532,-0.0067,0.1283,0.3515
Kenya:MAM,obs_index,regression,0,raw,iod,0,none,0.4093,-0.0972,-0.3364,0.2301
Kenya:MAM,gcm_index,regression,0,raw,iod,0,none,0.4643,-0.0572,-0.0536,0.2713
Kenya:MAM,obs_index,regression,0,raw,wpg,0,none,0.5219,-0.0431,-0.0068,0.3456
Kenya:MAM,gcm_index,regression,0,raw,wpg,0,none,0.5273,-0.0246,0.0406,0.3417
Kenya:MAM,obs_index,regression,0,raw,wvg,0,none,0.5054,-0.0518,-0.0384,0.3324
Kenya:MAM,gcm_index,regression,0,raw,wvg,0,none,0.5223,-0.031,0.0242,0.3362
Kenya:MAM,obs_index,regression,0,raw,iwhg,0,none,0.507,-0.0421,0.0351,0.3322
Kenya:MAM,gcm_index,regression,0,raw,iwhg,0,none,0.5179,-0.0241,0.075,0.324
Kenya:MAM,persistence,regression,0,raw,region,0,none,0.464,-0.0582,-0.0677,0.283
Kenya:MAM,obs_sst_field,cca,1,std_anom,indo_pacific,4,none,0.4388,-0.1277,-0.1576,0.2694
Kenya:MAM,gcm_mos_sst,cca,1,std_anom,indo_pacific,4,none,0.5147,-0.0661,-0.0313,0.3475
Kenya:MAM,obs_sst_field,cca,1,std_anom,indo_pacific,8,none,0.4873,-0.0926,-0.0142,0.3104
Kenya:MAM,gcm_mos_sst,cca,1,std_anom,indo_pacific,8,none,0.4926,-0.1051,-0.0767,0.3284
Kenya:MAM,obs_sst_field,cca,1,std_anom,indian,4,none,0.4454,-0.1624,-0.1659,0.2602
Kenya:MAM,gcm_mos_sst,cca,1,std_anom,indian,4,none,0.4771,-0.1129,-0.0864,0.3035
Kenya:MAM,obs_sst_field,cca,1,std_anom,indian,8,none,0.5118,-0.0913,0.0148,0.3237
Kenya:MAM,gcm_mos_sst,cca,1,std_anom,indian,8,none,0.507,-0.094,0.0164,0.3358
Kenya:MAM,obs_sst_field,cca,1,std_anom,pacific,4,none,0.4785,-0.0986,-0.0914,0.2973
Kenya:MAM,gcm_mos_sst,cca,1,std_anom,pacific,4,none,0.4947,-0.0847,-0.0599,0.3199
Kenya:MAM,obs_sst_field,cca,1,std_anom,pacific,8,none,0.4709,-0.1452,-0.092,0.2888
Kenya:MAM,gcm_mos_sst,cca,1,std_anom,pacific,8,none,0.485,-0.115,-0.0869,0.3034
Kenya:MAM,gcm_mos_precip,cca,1,std_anom,region,4,none,0.4844,-0.0676,-0.0501,0.3032
Kenya:MAM,gcm_mos_precip,cca,1,std_anom,region,8,none,0.4846,-0.0636,-0.0501,0.3028
Kenya:MAM,gcm_mos_precip,qm,1,std_anom,region,0,none,0.5905,-0.0083,0.25,0.3486
Kenya:MAM,obs_index,regression,1,std_anom,nino34,0,none,0.5039,-0.0373,0.0493,0.3288
Kenya:MAM,gcm_index,regression,1,std_anom,nino34,0,none,0.5043,-0.0295,0.0397,0.3185
Kenya:MAM,obs_index,regression,1,std_anom,iod,0,none,0.3945,-0.1125,-0.402,0.2098
Kenya:MAM,gcm_index,regression,1,std_anom,iod,0,none,0.4288,-0.0784,-0.2551,0.2554
Kenya:MAM,obs_index,regression,1,std_anom,wpg,0,none,0.4745,-0.0764,-0.1056,0.3101
Kenya:MAM,gcm_index,regression,1,std_anom,wpg,0,none,0.5051,-0.0454,-0.0097,0.3299
Kenya:MAM,obs_index,regression,1,std_anom,wvg,0,none,0.4619,-0.0811,-0.1399,0.2998
Kenya:MAM,gcm_index,regression,1,std_anom,wvg,0,none,0.5174,-0.0335,0.0463,0.342
Kenya:MAM,obs_index,regression,1,std_anom,iwhg,0,none,0.46,-0.0743,-0.1351,0.2874
Kenya:MAM,gcm_index,regression,1,std_anom,iwhg,0,none,0.4646,-0.0631,-0.112,0.2814
Kenya:MAM,persistence,regression,1,std_anom,region,0,none,0.4284,-0.0875,-0.2284,0.2506
Kenya:MAM,obs_sst_field,cca,1,raw,indo_pacific,4,none,0.4471,-0.1118,-0.1602,0.2803
Kenya:MAM,gcm_mos_sst,cca,1,raw,indo_pacific,4,none,0.5066,-0.0733,-0.0787,0.3342
Kenya:MAM,obs_sst_field,cca,1,raw,indo_pacific,8,none,0.4868,-0.0857,-0.004,0.313
Kenya:MAM,gcm_mos_sst,cca,1,raw,indo_pacific,8,none,0.4924,-0.1001,-0.0895,0.3236
Kenya:MAM,obs_sst_field,cca,1,raw,indian,4,none,0.4433,-0.1644,-0.1582,0.2643
Kenya:MAM,gcm_mos_sst,cca,1,raw,indian,4,none,0.4896,-0.0947,-0.0403,0.3152
Kenya:MAM,obs_sst_field,cca,1,raw,indian,8,none,0.5003,-0.0929,0.0187,0.3245
Kenya:MAM,gcm_mos_sst,cca,1,raw,indian,8,none,0.5124,-0.0842,0.0399,0.338
Kenya:MAM,obs_sst_field,cca,1,raw,pacific,4,none,0.4789,-0.1117,-0.071,0.2998
Kenya:MAM,gcm_mos_sst,cca,1,raw,pacific,4,none,0.4803,-0.0972,-0.1179,0.3064
Kenya:MAM,obs_sst_field,cca,1,raw,pacific,8,none,0.4794,-0.1269,-0.0606,0.2996
Kenya:MAM,gcm_mos_sst,cca,1,raw,pacific,8,none,0.48,-0.11,-0.1077,0.3039
Kenya:MAM,gcm_mos_precip,cca,1,raw,region,4,none,0.4871,-0.0673,-0.0235,0.3082
Kenya:MAM,gcm_mos_precip,cca,1,raw,region,8,none,0.4874,-0.0629,-0.0235,0.3068
Kenya:MAM,gcm_mos_precip,qm,1,raw,region,0,none,0.5944,-0.0072,0.2675,0.3465
Kenya:MAM,obs_index,regression,1,raw,nino34,0,none,0.5039,-0.0373,0.0605,0.3288
Kenya:MAM,gcm_index,regression,1,raw,nino34,0,none,0.5043,-0.0295,0.0405,0.3185
Kenya:MAM,obs_index,regression,1,raw,iod,0,none,0.3945,-0.1125,-0.3936,0.2098
Kenya:MAM,gcm_index,regression,1,raw,iod,0,none,0.4288,-0.0784,-0.2568,0.2554
Kenya:MAM,obs_index,regression,1,raw,wpg,0,none,0.4745,-0.0764,-0.1163,0.3101
Kenya:MAM,gcm_index,regression,1,raw,wpg,0,none,0.5051,-0.0454,-0.0301,0.3299
Kenya:MAM,obs_index,regression,1,raw,wvg,0,none,0.4619,-0.0811,-0.1485,0.2998
Kenya:MAM,gcm_index,regression,1,raw,wvg,0,none,0.5174,-0.0335,0.0212,0.342
Kenya:MAM,obs_index,regression,1,raw,iwhg,0,none,0.46,-0.0743,-0.1161,0.2874
Kenya:MAM,gcm_index,regression,1,raw,iwhg,0,none,0.4646,-0.0631,-0.1349,0.2814
Kenya:MAM,persistence,regression,1,raw,region,0,none,0.4284,-0.0875,-0.2007,0.2506
Kenya:MAM,obs_sst_field,cca,2,std_anom,indo_pacific,4,none,0.4918,-0.0718,-0.0743,0.305
Kenya:MAM,gcm_mos_sst,cca,2,std_anom,indo_pacific,4,none,0.4974,-0.0718,-0.0326,0.3342
Kenya:MAM,obs_sst_field,cca,2,std_anom,indo_pacific,8,none,0.4685,-0.1157,-0.1103,0.2779
Kenya:MAM,gcm_mos_sst,cca,2,std_anom,indo_pacific,8,none,0.4841,-0.1024,-0.097,0.3133
Kenya:MAM,obs_sst_field,cca,2,std_anom,indian,4,none,0.4958,-0.0957,-0.0088,0.3366
Kenya:MAM,gcm_mos_sst,cca,2,std_anom,indian,4,none,0.455,-0.1187,-0.1375,0.2825
Kenya:MAM,obs_sst_field,cca,2,std_anom,indian,8,none,0.4884,-0.1172,-0.0149,0.3337
Kenya:MAM,gcm_mos_sst,cca,2,std_anom,indian,8,none,0.4555,-0.1261,-0.1266,0.2734
Kenya:MAM,obs_sst_field,cca,2,std_anom,pacific,4,none,0.4842,-0.0822,-0.1045,0.2985
Kenya:MAM,gcm_mos_sst,cca,2,std_anom,pacific,4,none,0.4833,-0.0879,-0.0627,0.3197
Kenya:MAM,obs_sst_field,cca,2,std_anom,pacific,8,none,0.4561,-0.1438,-0.144,0.2694
Kenya:MAM,gcm_mos_sst,cca,2,std_anom,pacific,8,none,0.474,-0.1152,-0.1089,0.3127
Kenya:MAM,gcm_mos_precip,cca,2,std_anom,region,4,none,0.5546,0.0004,0.1435,0.368
Kenya:MAM,gcm_mos_precip,cca,2,std_anom,region,8,none,0.5547,0.0001,0.1435,0.3694
Kenya:MAM,gcm_mos_precip,qm,2,std_anom,region,0,none,0.6091,0.0434,0.2799,0.3519
Kenya:MAM,obs_index,regression,2,std_anom,nino34,0,none,0.4429,-0.082,-0.1981,0.2752
Kenya:MAM,gcm_index,regression,2,std_anom,nino34,0,none,0.5034,-0.0344,0.0343,0.3194
Kenya:MAM,obs_index,regression,2,std_anom,iod,0,none,0.3935,-0.1071,-0.4498,0.2189
Kenya:MAM,gcm_index,regression,2,std_anom,iod,0,none,0.3959,-0.0948,-0.3778,0.2299
Kenya:MAM,obs_index,regression,2,std_anom,wpg,0,none,0.412,-0.0998,-0.3352,0.2532
Kenya:MAM,gcm_index,regression,2,std_anom,wpg,0,none,0.4969,-0.053,-0.0314,0.3293
Kenya:MAM,obs_index,regression,2,std_anom,wvg,0,none,0.4018,-0.1004,-0.3778,0.2375
Kenya:MAM,gcm_index,regression,2,std_anom,wvg,0,none,0.4997,-0.0483,-0.0134,0.3273
Kenya:MAM,obs_index,regression,2,std_anom,iwhg,0,none,0.4068,-0.1019,-0.3737,0.2364
Kenya:MAM,gcm_index,regression,2,std_anom,iwhg,0,none,0.4723,-0.0676,-0.1095,0.2972
Kenya:MAM,persistence,regression,2,std_anom,region,0,none,0.4026,-0.1126,-0.3748,0.225
Kenya:MAM,obs_sst_field,cca,2,raw,indo_pacific,4,none,0.4889,-0.0701,-0.0777,0.3111
Kenya:MAM,gcm_mos_sst,cca,2,raw,indo_pacific,4,none,0.5062,-0.0599,-0.0444,0.3361
Kenya:MAM,obs_sst_field,cca,2,raw,indo_pacific,8,none,0.4666,-0.111,-0.1038,0.2812
Kenya:MAM,gcm_mos_sst,cca,2,raw,indo_pacific,8,none,0.4789,-0.105,-0.1191,0.3112
Kenya:MAM,obs_sst_field,cca,2,raw,indian,4,none,0.4855,-0.1096,-0.0405,0.3192
Kenya:MAM,gcm_mos_sst,cca,2,raw,indian,4,none,0.4457,-0.118,-0.1359,0.2721
Kenya:MAM,obs_sst_field,cca,2,raw,indian,8,none,0.4899,-0.1082,0.0064,0.3309
Kenya:MAM,gcm_mos_sst,cca,2,raw,indian,8,none,0.4545,-0.1271,-0.1066,0.2735
Kenya:MAM,obs_sst_field,cca,2,raw,pacific,4,none,0.4632,-0.1028,-0.1503,0.2899
Kenya:MAM,gcm_mos_sst,cca,2,raw,pacific,4,none,0.5045,-0.0657,-0.0538,0.3309
Kenya:MAM,obs_sst_field,cca,2,raw,pacific,8,none,0.4561,-0.1445,-0.1435,0.2702
Kenya:MAM,gcm_mos_sst,cca,2,raw,pacific,8,none,0.4812,-0.1184,-0.138,0.3091
Kenya:MAM,gcm_mos_precip,cca,2,raw,region,4,none,0.5507,-0.0009,0.1505,0.371
Kenya:MAM,gcm_mos_precip,cca,2,raw,region,8,none,0.5507,-0.0012,0.1505,0.3699
Kenya:MAM,gcm_mos_precip,qm,2,raw,region,0,none,0.6036,0.0319,0.2887,0.3482
Kenya:MAM,obs_index,regression,2,raw,nino34,0,none,0.4429,-0.082,-0.1692,0.2752
Kenya:MAM,gcm_index,regression,2,raw,nino34,0,none,0.5034,-0.0344,0.0413,0.3194
Kenya:MAM,obs_index,regression,2,raw,iod,0,none,0.3935,-0.1071,-0.4339,0.2189
Kenya:MAM,gcm_index,regression,2,raw,iod,0,none,0.3959,-0.0948,-0.3635,0.2299
Kenya:MAM,obs_index,regression,2,raw,wpg,0,none,0.412,-0.0998,-0.3001,0.2532
Kenya:MAM,gcm_index,regression,2,raw,wpg,0,none,0.4969,-0.053,-0.0332,0.3293
Kenya:MAM,obs_index,regression,2,raw,wvg,0,none,0.4018,-0.1004,-0.3367,0.2375
Kenya:MAM,gcm_index,regression,2,raw,wvg,0,none,0.4997,-0.0483,-0.0296,0.3273
Kenya:MAM,obs_index,regression,2,raw,iwhg,0,none,0.4068,-0.1019,-0.342,0.2364
Kenya:MAM,gcm_index,regression,2,raw,iwhg,0,none,0.4723,-0.0676,-0.0997,0.2972
Kenya:MAM,persistence,regression,2,raw,region,0,none,0.4026,-0.1126,-0.3557,0.225
Kenya:MAM,obs_sst_field,cca,3,std_anom,indo_pacific,4,none,0.4735,-0.0946,-0.1,0.2913
Kenya:MAM,gcm_mos_sst,cca,3,std_anom,indo_pacific,4,none,0.481,-0.0999,-0.0787,0.3218
Kenya:MAM,obs_sst_field,cca,3,std_anom,indo_pacific,8,none,0.4788,-0.1006,-0.0557,0.3002
Kenya:MAM,gcm_mos_sst,cca,3,std_anom,indo_pacific,8,none,0.4749,-0.0961,-0.0427,0.3141
Kenya:MAM,obs_sst_field,cca,3,std_anom,indian,4,none,0.525,-0.0474,0.0856,0.3546
Kenya:MAM,gcm_mos_sst,cca,3,std_anom,indian,4,none,0.4684,-0.0857,-0.0782,0.2976
Kenya:MAM,obs_sst_field,cca,3,std_anom,indian,8,none,0.5262,-0.0594,0.0652,0.3573
Kenya:MAM,gcm_mos_sst,cca,3,std_anom,indian,8,none,0.4807,-0.0781,-0.0475,0.3065
Kenya:MAM,obs_sst_field,cca,3,std_anom,pacific,4,none,0.4568,-0.1195,-0.1493,0.2753
Kenya:MAM,gcm_mos_sst,cca,3,std_anom,pacific,4,none,0.4821,-0.0995,-0.073,0.3247
Kenya:MAM,obs_sst_field,cca,3,std_anom,pacific,8,none,0.4584,-0.1404,-0.123,0.2749
Kenya:MAM,gcm_mos_sst,cca,3,std_anom,pacific,8,none,0.494,-0.0882,-0.0256,0.3219
Kenya:MAM,gcm_mos_precip,cca,3,std_anom,region,4,none,0.4877,-0.05,0.0183,0.3254
Kenya:MAM,gcm_mos_precip,cca,3,std_anom,region,8,none,0.488,-0.0468,0.0183,0.328
Kenya:MAM,gcm_mos_precip,qm,3,std_anom,region,0,none,0.5655,0.0031,0.2203,0.342
Kenya:MAM,obs_index,regression,3,std_anom,nino34,0,none,0.4446,-0.0814,-0.1888,0.2759
Kenya:MAM,gcm_index,regression,3,std_anom,nino34,0,none,0.4042,-0.0942,-0.3674,0.2485
Kenya:MAM,obs_index,regression,3,std_anom,iod,0,none,0.3957,-0.0994,-0.4446,0.2222
Kenya:MAM,gcm_index,regression,3,std_anom,iod,0,none,0.4431,-0.0949,-0.2258,0.2754
Kenya:MAM,obs_index,regression,3,std_anom,wpg,0,none,0.4189,-0.098,-0.314,0.2545
Kenya:MAM,gcm_index,regression,3,std_anom,wpg,0,none,0.3922,-0.1093,-0.4239,0.2284
Kenya:MAM,obs_index,regression,3,std_anom,wvg,0,none,0.4,-0.103,-0.396,0.236
Kenya:MAM,gcm_index,regression,3,std_anom,wvg,0,none,0.3927,-0.1047,-0.416,0.2346
Kenya:MAM,obs_index,regression,3,std_anom,iwhg,0,none,0.4067,-0.0996,-0.3793,0.2336
Kenya:MAM,gcm_index,regression,3,std_anom,iwhg,0,none,0.3939,-0.1086,-0.4091,0.2299
Kenya:MAM,persistence,regression,3,std_anom,region,0,none,0.3965,-0.1241,-0.4169,0.212
Kenya:MAM,obs_sst_field,cca,3,raw,indo_pacific,4,none,0.4751,-0.0932,-0.075,0.2963
Kenya:MAM,gcm_mos_sst,cca,3,raw,indo_pacific,4,none,0.4934,-0.0824,-0.0062,0.3368
Kenya:MAM,obs_sst_field,cca,3,raw,indo_pacific,8,none,0.4946,-0.0828,-0.0197,0.3082
Kenya:MAM,gcm_mos_sst,cca,3,raw,indo_pacific,8,none,0.4863,-0.0909,-0.0467,0.3108
Kenya:MAM,obs_sst_field,cca,3,raw,indian,4,none,0.5284,-0.0527,0.1191,0.3667
Kenya:MAM,gcm_mos_sst,cca,3,raw,indian,4,none,0.4736,-0.0794,-0.0487,0.3079
Kenya:MAM,obs_sst_field,cca,3,raw,indian,8,none,0.5178,-0.0665,0.0615,0.3529
Kenya:MAM,gcm_mos_sst,cca,3,raw,indian,8,none,0.4759,-0.0838,-0.0257,0.2999
Kenya:MAM,obs_sst_field,cca,3,raw,pacific,4,none,0.4639,-0.1132,-0.0956,0.2875
Kenya:MAM,gcm_mos_sst,cca,3,raw,pacific,4,none,0.4957,-0.0888,-0.015,0.3431
Kenya:MAM,obs_sst_field,cca,3,raw,pacific,8,none,0.4594,-0.1342,-0.0841,0.2809
Kenya:MAM,gcm_mos_sst,cca,3,raw,pacific,8,none,0.4866,-0.0897,-0.0311,0.3216
Kenya:MAM,gcm_mos_precip,cca,3,raw,region,4,none,0.4894,-0.0509,0.0071,0.3267
Kenya:MAM,gcm_mos_precip,cca,3,raw,region,8,none,0.4897,-0.048,0.0071,0.3282
Kenya:MAM,gcm_mos_precip,qm,3,raw,region,0,none,0.5659,-0.0005,0.2268,0.3424
Kenya:MAM,obs_index,regression,3,raw,nino34,0,none,0.4446,-0.0814,-0.1586,0.2759
Kenya:MAM,gcm_index,regression,3,raw,nino34,0,none,0.4042,-0.0942,-0.3679,0.2485
Kenya:MAM,obs_index,regression,3,raw,iod,0,none,0.3957,-0.0994,-0.4375,0.2222
Kenya:MAM,gcm_index,regression,3,raw,iod,0,none,0.4431,-0.0949,-0.209,0.2754
Kenya:MAM,obs_index,regression,3,raw,wpg,0,none,0.4189,-0.098,-0.2835,0.2545
Kenya:MAM,gcm_index,regression,3,raw,wpg,0,none,0.3922,-0.1093,-0.4103,0.2284
Kenya:MAM,obs_index,regression,3,raw,wvg,0,none,0.4,-0.103,-0.3485,0.236
Kenya:MAM,gcm_index,regression,3,raw,wvg,0,none,0.3927,-0.1047,-0.3903,0.2346
Kenya:MAM,obs_index,regression,3,raw,iwhg,0,none,0.4067,-0.0996,-0.3545,0.2336
Kenya:MAM,gcm_index,regression,3,raw,iwhg,0,none,0.3939,-0.1086,-0.396,0.2299
Kenya:MAM,persistence,regression,3,raw,region,0,none,0.3965,-0.1241,-0.4171,0.212
Kenya:MAM,obs_sst_field,cca,4,std_anom,indo_pacific,4,none,0.4411,-0.1324,-0.1838,0.2598
Kenya:MAM,gcm_mos_sst,cca,4,std_anom,indo_pacific,4,none,0.4848,-0.0695,-0.0412,0.3113
Kenya:MAM,obs_sst_field,cca,4,std_anom,indo_pacific,8,none,0.4475,-0.1466,-0.1576,0.2855
Kenya:MAM,gcm_mos_sst,cca,4,std_anom,indo_pacific,8,none,0.4704,-0.1014,-0.0913,0.3002
Kenya:MAM,obs_sst_field,cca,4,std_anom,indian,4,none,0.539,-0.0627,0.1069,0.3568
Kenya:MAM,gcm_mos_sst,cca,4,std_anom,indian,4,none,0.5,-0.0484,0.0229,0.3221
Kenya:MAM,obs_sst_field,cca,4,std_anom,indian,8,none,0.5285,-0.0641,0.0917,0.3676
Kenya:MAM,gcm_mos_sst,cca,4,std_anom,indian,8,none,0.5041,-0.061,0.0173,0.3346
Kenya:MAM,obs_sst_field,cca,4,std_anom,pacific,4,none,0.4599,-0.1295,-0.1383,0.2798
Kenya:MAM,gcm_mos_sst,cca,4,std_anom,pacific,4,none,0.4739,-0.0931,-0.0967,0.2969
Kenya:MAM,obs_sst_field,cca,4,std_anom,pacific,8,none,0.4559,-0.1435,-0.1276,0.2869
Kenya:MAM,gcm_mos_sst,cca,4,std_anom,pacific,8,none,0.4675,-0.1127,-0.1071,0.2948
Kenya:MAM,gcm_mos_precip,cca,4,std_anom,region,4,none,0.484,-0.0599,-0.0742,0.3263
Kenya:MAM,gcm_mos_precip,cca,4,std_anom,region,8,none,0.4845,-0.0574,-0.0742,0.3271
Kenya:MAM,gcm_mos_precip,qm,4,std_anom,region,0,none,0.5169,-0.0668,-0.0008,0.334
Kenya:MAM,obs_index,regression,4,std_anom,nino34,0,none,0.4455,-0.082,-0.1889,0.2803
Kenya:MAM,gcm_index,regression,4,std_anom,nino34,0,none,0.4123,-0.0943,-0.333,0.2566
Kenya:MAM,obs_index,regression,4,std_anom,iod,0,none,0.4012,-0.0897,-0.4063,0.2296
Kenya:MAM,gcm_index,regression,4,std_anom,iod,0,none,0.4115,-0.104,-0.3053,0.2522
Kenya:MAM,obs_index,regression,4,std_anom,wpg,0,none,0.423,-0.0957,-0.3019,0.2556
Kenya:MAM,gcm_index,regression,4,std_anom,wpg,0,none,0.3868,-0.109,-0.4304,0.2268
Kenya:MAM,obs_index,regression,4,std_anom,wvg,0,none,0.4086,-0.1011,-0.3691,0.2409
Kenya:MAM,gcm_index,regression,4,std_anom,wvg,0,none,0.391,-0.106,-0.419,0.2302
Kenya:MAM,obs_index,regression,4,std_anom,iwhg,0,none,0.4092,-0.0938,-0.3653,0.2347
Kenya:MAM,gcm_index,regression,4,std_anom,iwhg,0,none,0.3929,-0.1078,-0.3865,0.2351
Kenya:MAM,persistence,regression,4,std_anom,region,0,none,0.3858,-0.1221,-0.4817,0.2109
Kenya:MAM,obs_sst_field,cca,4,raw,indo_pacific,4,none,0.4424,-0.1229,-0.1592,0.2598
Kenya:MAM,gcm_mos_sst,cca,4,raw,indo_pacific,4,none,0.4878,-0.073,-0.0156,0.3131
Kenya:MAM,obs_sst_field,cca,4,raw,indo_pacific,8,none,0.4523,-0.1471,-0.1561,0.2896
Kenya:MAM,gcm_mos_sst,cca,4,raw,indo_pacific,8,none,0.4719,-0.1007,-0.0953,0.301
Kenya:MAM,obs_sst_field,cca,4,raw,indian,4,none,0.5337,-0.0733,0.0938,0.3617
Kenya:MAM,gcm_mos_sst,cca,4,raw,indian,4,none,0.4996,-0.0505,0.0278,0.3255
Kenya:MAM,obs_sst_field,cca,4,raw,indian,8,none,0.5472,-0.052,0.0941,0.3692
Kenya:MAM,gcm_mos_sst,cca,4,raw,indian,8,none,0.5069,-0.0553,0.0458,0.3326
Kenya:MAM,obs_sst_field,cca,4,raw,pacific,4,none,0.4559,-0.1135,-0.0973,0.276
Kenya:MAM,gcm_mos_sst,cca,4,raw,pacific,4,none,0.4923,-0.0744,-0.0113,0.3171
Kenya:MAM,obs_sst_field,cca,4,raw,pacific,8,none,0.4526,-0.1525,-0.1375,0.2849
Kenya:MAM,gcm_mos_sst,cca,4,raw,pacific,8,none,0.4605,-0.1177,-0.1156,0.2939
Kenya:MAM,gcm_mos_precip,cca,4,raw,region,4,none,0.4829,-0.0556,-0.0337,0.3258
Kenya:MAM,gcm_mos_precip,cca,4,raw,region,8,none,0.4831,-0.0532,-0.0337,0.3267
Kenya:MAM,gcm_mos_precip,qm,4,raw,region,0,none,0.5118,-0.0749,-0.0051,0.3347
Kenya:MAM,obs_index,regression,4,raw,nino34,0,none,0.4455,-0.082,-0.1571,0.2803
Kenya:MAM,gcm_index,regression,4,raw,nino34,0,none,0.4123,-0.0943,-0.3314,0.2566
Kenya:MAM,obs_index,regression,4,raw,iod,0,none,0.4012,-0.0897,-0.4226,0.2296
Kenya:MAM,gcm_index,regression,4,raw,iod,0,none,0.4115,-0.104,-0.3022,0.2522
Kenya:MAM,obs_index,regression,4,raw,wpg,0,none,0.423,-0.0957,-0.2702,0.2556
Kenya:MAM,gcm_index,regression,4,raw,wpg,0,none,0.3868,-0.109,-0.4222,0.2268
Kenya:MAM,obs_index,regression,4,raw,wvg,0,none,0.4086,-0.1011,-0.3129,0.2409
Kenya:MAM,gcm_index,regression,4,raw,wvg,0,none,0.391,-0.106,-0.3956,0.2302
Kenya:MAM,obs_index,regression,4,raw,iwhg,0,none,0.4092,-0.0938,-0.3538,0.2347
Kenya:MAM,gcm_index,regression,4,raw,iwhg,0,none,0.3929,-0.1078,-0.375,0.2351
Kenya:MAM,persistence,regression,4,raw,region,0,none,0.3858,-0.1221,-0.4815,0.2109
Kenya:OND,obs_sst_field,cca,0,std_anom,indo_pacific,4,none,0.661,0.1078,0.3951,0.4802
Kenya:OND,gcm_mos_sst,cca,0,std_anom,indo_pacific,4,none,0.733,0.236,0.6192,0.555
Kenya:OND,obs_sst_field,cca,0,std_anom,indo_pacific,8,none,0.6642,0.1107,0.4041,0.4741
Kenya:OND,gcm_mos_sst,cca,0,std_anom,indo_pacific,8,none,0.7361,0.2279,0.623,0.5525
Kenya:OND,obs_sst_field,cca,0,std_anom,indian,4,none,0.6386,0.0535,0.2653,0.4832
Kenya:OND,gcm_mos_sst,cca,0,std_anom,indian,4,none,0.7305,0.2301,0.5715,0.5419
Kenya:OND,obs_sst_field,cca,0,std_anom,indian,8,none,0.643,0.0428,0.2662,0.4719
Kenya:OND,gcm_mos_sst,cca,0,std_anom,indian,8,none,0.725,0.2108,0.5288,0.5472
Kenya:OND,obs_sst_field,cca,0,std_anom,pacific,4,none,0.6635,0.1228,0.422,0.4758
Kenya:OND,gcm_mos_sst,cca,0,std_anom,pacific,4,none,0.6811,0.148,0.4825,0.5041
Kenya:OND,obs_sst_field,cca,0,std_anom,pacific,8,none,0.6591,0.1002,0.4159,0.4762
Kenya:OND,gcm_mos_sst,cca,0,std_anom,pacific,8,none,0.6668,0.1161,0.4806,0.482
Kenya:OND,gcm_mos_precip,cca,0,std_anom,region,4,none,0.7324,0.2364,0.6121,0.5402
Kenya:OND,gcm_mos_precip,cca,0,std_anom,region,8,none,0.731,0.2248,0.6121,0.5415
Kenya:OND,gcm_mos_precip,qm,0,std_anom,region,0,none,0.7127,0.1575,0.4052,0.3729
Kenya:OND,obs_index,regression,0,std_anom,nino34,0,none,0.6575,0.1043,0.3565,0.448
Kenya:OND,gcm_index,regression,0,std_anom,nino34,0,none,0.6902,0.1471,0.4416,0.4538
Kenya:OND,obs_index,regression,0,std_anom,iod,0,none,0.6566,0.1128,0.3748,0.5072
Kenya:OND,gcm_index,regression,0,std_anom,iod,0,none,0.7428,0.2582,0.6388,0.541
Kenya:OND,obs_index,regression,0,std_anom,wpg,0,none,0.6696,0.1229,0.3881,0.4729
Kenya:OND,gcm_index,regression,0,std_anom,wpg,0,none,0.6868,0.154,0.4564,0.4726
Kenya:OND,obs_index,regression,0,std_anom,wvg,0,none,0.6545,0.0947,0.395,0.4699
Kenya:OND,gcm_index,regression,0,std_anom,wvg,0,none,0.6993,0.1804,0.5266,0.504
Kenya:OND,obs_index,regression,0,std_anom,iwhg,0,none,0.6931,0.1746,0.4634,0.5231
Kenya:OND,gcm_index,regression,0,std_anom,iwhg,0,none,0.752,0.2814,0.6381,0.5615
Kenya:OND,persistence,regression,0,std_anom,region,0,none,0.3893,-0.1319,-0.42,0.2906
Kenya:OND,obs_sst_field,cca,0,raw,indo_pacific,4,none,0.6805,0.1416,0.3902,0.4986
Kenya:OND,gcm_mos_sst,cca,0,raw,indo_pacific,4,none,0.734,0.2411,0.6322,0.5437
Kenya:OND,obs_sst_field,cca,0,raw,indo_pacific,8,none,0.6712,0.1141,0.3611,0.475
Kenya:OND,gcm_mos_sst,cca,0,raw,indo_pacific,8,none,0.733,0.2331,0.6215,0.5459
Kenya:OND,obs_sst_field,cca,0,raw,indian,4,none,0.6462,0.0644,0.2647,0.4972
Kenya:OND,gcm_mos_sst,cca,0,raw,indian,4,none,0.7279,0.2235,0.5879,0.5388
Kenya:OND,obs_sst_field,cca,0,raw,indian,8,none,0.6449,0.0508,0.2439,0.4686
Kenya:OND,gcm_mos_sst,cca,0,raw,indian,8,none,0.7284,0.2092,0.5552,0.5451
Kenya:OND,obs_sst_field,cca,0,raw,pacific,4,none,0.6724,0.1304,0.3898,0.4825
Kenya:OND,gcm_mos_sst,cca,0,raw,pacific,4,none,0.6812,0.1517,0.4541,0.5015
Kenya:OND,obs_sst_field,cca,0,raw,pacific,8,none,0.6621,0.1004,0.3804,0.4755
Kenya:OND,gcm_mos_sst,cca,0,raw,pacific,8,none,0.6658,0.113,0.452,0.4809
Kenya:OND,gcm_mos_precip,cca,0,raw,region,4,none,0.7345,0.2349,0.6254,0.5433
Kenya:OND,gcm_mos_precip,cca,0,raw,region,8,none,0.733,0.2229,0.6254,0.5436
Kenya:OND,gcm_mos_precip,qm,0,raw,region,0,none,0.7212,0.1603,0.405,0.3773
Kenya:OND,obs_index,regression,0,raw,nino34,0,none,0.6575,0.1043,0.3497,0.448
Kenya:OND,gcm_index,regression,0,raw,nino34,0,none,0.6902,0.1471,0.4215,0.4538
Kenya:OND,obs_index,regression,0,raw,iod,0,none,0.6566,0.1128,0.3833,0.5072
Kenya:OND,gcm_index,regression,0,raw,iod,0,none,0.7428,0.2582,0.6602,0.541
Kenya:OND,obs_index,regression,0,raw,wpg,0,none,0.6696,0.1229,0.3998,0.4729
Kenya:OND,gcm_index,regression,0,raw,wpg,0,none,0.6868,0.154,0.4659,0.4726
Kenya:OND,obs_index,regression,0,raw,wvg,0,none,0.6545,0.0947,0.4041,0.4699
Kenya:OND,gcm_index,regression,0,raw,wvg,0,none,0.6993,0.1804,0.5353,0.504
Kenya:OND,obs_index,regression,0,raw,iwhg,0,none,0.6931,0.1746,0.4725,0.5231
Kenya:OND,gcm_index,regression,0,raw,iwhg,0,none,0.752,0.2814,0.6504,0.5615
Kenya:OND,persistence,regression,0,raw,region,0,none,0.3893,-0.1319,-0.4424,0.2906
Kenya:OND,obs_sst_field,cca,1,std_anom,indo_pacific,4,none,0.6487,0.088,0.341,0.4612
Kenya:OND,gcm_mos_sst,cca,1,std_anom,indo_pacific,4,none,0.6933,0.165,0.4672,0.5001
Kenya:OND,obs_sst_field,cca,1,std_anom,indo_pacific,8,none,0.6615,0.1086,0.3911,0.4883
Kenya:OND,gcm_mos_sst,cca,1,std_anom,indo_pacific,8,none,0.714,0.1798,0.505,0.5198
Kenya:OND,obs_sst_field,cca,1,std_anom,indian,4,none,0.5222,-0.0815,0.0284,0.3626
Kenya:OND,gcm_mos_sst,cca,1,std_anom,indian,4,none,0.7137,0.198,0.4846,0.5242
Kenya:OND,obs_sst_field,cca,1,std_anom,indian,8,none,0.5519,-0.0768,0.03,0.3885
Kenya:OND,gcm_mos_sst,cca,1,std_anom,indian,8,none,0.7235,0.2026,0.51,0.5304
Kenya:OND,obs_sst_field,cca,1,std_anom,pacific,4,none,0.638,0.0678,0.3471,0.4605
Kenya:OND,gcm_mos_sst,cca,1,std_anom,pacific,4,none,0.6894,0.1601,0.5071,0.511
Kenya:OND,obs_sst_field,cca,1,std_anom,pacific,8,none,0.6496,0.084,0.4035,0.4567
Kenya:OND,gcm_mos_sst,cca,1,std_anom,pacific,8,none,0.6852,0.1416,0.4963,0.4884
Kenya:OND,gcm_mos_precip,cca,1,std_anom,region,4,none,0.7151,0.1965,0.5741,0.5237
Kenya:OND,gcm_mos_precip,cca,1,std_anom,region,8,none,0.7144,0.187,0.5741,0.5182
Kenya:OND,gcm_mos_precip,qm,1,std_anom,region,0,none,0.7314,0.219,0.4776,0.3779
Kenya:OND,obs_index,regression,1,std_anom,nino34,0,none,0.6415,0.0781,0.3141,0.4271
Kenya:OND,gcm_index,regression,1,std_anom,nino34,0,none,0.6822,0.1334,0.4156,0.4455
Kenya:OND,obs_index,regression,1,std_anom,iod,0,none,0.5919,0.0121,0.1936,0.4421
Kenya:OND,gcm_index,regression,1,std_anom,iod,0,none,0.7513,0.2772,0.616,0.5617
Kenya:OND,obs_index,regression,1,std_anom,wpg,0,none,0.6567,0.0959,0.3333,0.4755
Kenya:OND,gcm_index,regression,1,std_anom,wpg,0,none,0.6854,0.156,0.4628,0.4901
Kenya:OND,obs_index,regression,1,std_anom,wvg,0,none,0.6202,0.0386,0.2853,0.4097
Kenya:OND,gcm_index,regression,1,std_anom,wvg,0,none,0.7034,0.1877,0.5278,0.5135
Kenya:OND,obs_index,regression,1,std_anom,iwhg,0,none,0.6477,0.0959,0.3429,0.4937
Kenya:OND,gcm_index,regression,1,std_anom,iwhg,0,none,0.7507,0.2825,0.6107,0.5561
Kenya:OND,persistence,regression,1,std_anom,region,0,none,0.4056,-0.1441,-0.2666,0.279
Kenya:OND,obs_sst_field,cca,1,raw,indo_pacific,4,none,0.6574,0.103,0.2954,0.4747
Kenya:OND,gcm_mos_sst,cca,1,raw,indo_pacific,4,none,0.7023,0.1793,0.4702,0.5138
Kenya:OND,obs_sst_field,cca,1,raw,indo_pacific,8,none,0.6609,0.1128,0.3382,0.4886
Kenya:OND,gcm_mos_sst,cca,1,raw,indo_pacific,8,none,0.715,0.1851,0.4816,0.5153
Kenya:OND,obs_sst_field,cca,1,raw,indian,4,none,0.5138,-0.0814,-0.0193,0.3775
Kenya:OND,gcm_mos_sst,cca,1,raw,indian,4,none,0.7011,0.175,0.4863,0.5201
Kenya:OND,obs_sst_field,cca,1,raw,indian,8,none,0.5436,-0.0877,-0.0002,0.3725
Kenya:OND,gcm_mos_sst,cca,1,raw,indian,8,none,0.7162,0.1947,0.5082,0.5276
Kenya:OND,obs_sst_field,cca,1,raw,pacific,4,none,0.6475,0.0872,0.311,0.4729
Kenya:OND,gcm_mos_sst,cca,1,raw,pacific,4,none,0.6905,0.1588,0.4928,0.5092
Kenya:OND,obs_sst_field,cca,1,raw,pacific,8,none,0.6531,0.0893,0.3672,0.4546
Kenya:OND,gcm_mos_sst,cca,1,raw,pacific,8,none,0.683,0.1296,0.4773,0.4858
Kenya:OND,gcm_mos_precip,cca,1,raw,region,4,none,0.7171,0.205,0.5955,0.5243
Kenya:OND,gcm_mos_precip,cca,1,raw,region,8,none,0.7157,0.1959,0.5955,0.5182
Kenya:OND,gcm_mos_precip,qm,1,raw,region,0,none,0.7366,0.2251,0.4828,0.3787
Kenya:OND,obs_index,regression,1,raw,nino34,0,none,0.6415,0.0781,0.311,0.4271
Kenya:OND,gcm_index,regression,1,raw,nino34,0,none,0.6822,0.1334,0.3926,0.4455
Kenya:OND,obs_index,regression,1,raw,iod,0,none,0.5919,0.0121,0.2092,0.4421
Kenya:OND,gcm_index,regression,1,raw,iod,0,none,0.7513,0.2772,0.6219,0.5617
Kenya:OND,obs_index,regression,1,raw,wpg,0,none,0.6567,0.0959,0.3455,0.4755
Kenya:OND,gcm_index,regression,1,raw,wpg,0,none,0.6854,0.156,0.4712,0.4901
Kenya:OND,obs_index,regression,1,raw,wvg,0,none,0.6202,0.0386,0.3029,0.4097
Kenya:OND,gcm_index,regression,1,raw,wvg,0,none,0.7034,0.1877,0.5344,0.5135
Kenya:OND,obs_index,regression,1,raw,iwhg,0,none,0.6477,0.0959,0.3566,0.4937
Kenya:OND,gcm_index,regression,1,raw,iwhg,0,none,0.7507,0.2825,0.611,0.5561
Kenya:OND,persistence,regression,1,raw,region,0,none,0.4056,-0.1441,-0.2113,0.279
Kenya:OND,obs_sst_field,cca,2,std_anom,indo_pacific,4,none,0.6608,0.0983,0.4036,0.4637
Kenya:OND,gcm_mos_sst,cca,2,std_anom,indo_pacific,4,none,0.6949,0.1668,0.4724,0.5072
Kenya:OND,obs_sst_field,cca,2,std_anom,indo_pacific,8,none,0.6588,0.1004,0.3761,0.4719
Kenya:OND,gcm_mos_sst,cca,2,std_anom,indo_pacific,8,none,0.692,0.1603,0.4631,0.4983
Kenya:OND,obs_sst_field,cca,2,std_anom,indian,4,none,0.4977,-0.0878,-0.1164,0.3295
Kenya:OND,gcm_mos_sst,cca,2,std_anom,indian,4,none,0.6794,0.1339,0.405,0.4974
Kenya:OND,obs_sst_field,cca,2,std_anom,indian,8,none,0.4788,-0.1214,-0.1772,0.3366
Kenya:OND,gcm_mos_sst,cca,2,std_anom,indian,8,none,0.7009,0.1586,0.4714,0.5212
Kenya:OND,obs_sst_field,cca,2,std_anom,pacific,4,none,0.67,0.1284,0.483,0.463
Kenya:OND,gcm_mos_sst,cca,2,std_anom,pacific,4,none,0.6799,0.1458,0.4602,0.486
Kenya:OND,obs_sst_field,cca,2,std_anom,pacific,8,none,0.6731,0.1214,0.4751,0.479
Kenya:OND,gcm_mos_sst,cca,2,std_anom,pacific,8,none,0.691,0.1458,0.4773,0.4829
Kenya:OND,gcm_mos_precip,cca,2,std_anom,region,4,none,0.6547,0.086,0.4691,0.4673
Kenya:OND,gcm_mos_precip,cca,2,std_anom,region,8,none,0.6547,0.0796,0.4691,0.4682
Kenya:OND,gcm_mos_precip,qm,2,std_anom,region,0,none,0.5821,-0.0757,0.2134,0.3438
Kenya:OND,obs_index,regression,2,std_anom,nino34,0,none,0.5722,-0.0185,0.1344,0.3729
Kenya:OND,gcm_index,regression,2,std_anom,nino34,0,none,0.6853,0.1559,0.4284,0.475
Kenya:OND,obs_index,regression,2,std_anom,iod,0,none,0.5191,-0.0572,0.0055,0.3615
Kenya:OND,gcm_index,regression,2,std_anom,iod,0,none,0.7026,0.1832,0.5415,0.5297
Kenya:OND,obs_index,regression,2,std_anom,wpg,0,none,0.5915,-0.012,0.1063,0.4351
Kenya:OND,gcm_index,regression,2,std_anom,wpg,0,none,0.6977,0.1847,0.4834,0.5188
Kenya:OND,obs_index,regression,2,std_anom,wvg,0,none,0.5221,-0.0823,-0.0197,0.3669
Kenya:OND,gcm_index,regression,2,std_anom,wvg,0,none,0.7034,0.2011,0.5068,0.5191
Kenya:OND,obs_index,regression,2,std_anom,iwhg,0,none,0.5805,-0.0101,0.1404,0.4502
Kenya:OND,gcm_index,regression,2,std_anom,iwhg,0,none,0.7392,0.2515,0.598,0.5342
Kenya:OND,persistence,regression,2,std_anom,region,0,none,0.4343,-0.1051,-0.3394,0.3128
Kenya:OND,obs_sst_field,cca,2,raw,indo_pacific,4,none,0.6708,0.1138,0.3817,0.477
Kenya:OND,gcm_mos_sst,cca,2,raw,indo_pacific,4,none,0.6998,0.1783,0.4627,0.5133
Kenya:OND,obs_sst_field,cca,2,raw,indo_pacific,8,none,0.6643,0.103,0.3223,0.471
Kenya:OND,gcm_mos_sst,cca,2,raw,indo_pacific,8,none,0.6968,0.1626,0.4304,0.5051
Kenya:OND,obs_sst_field,cca,2,raw,indian,4,none,0.5179,-0.0648,-0.1042,0.3535
Kenya:OND,gcm_mos_sst,cca,2,raw,indian,4,none,0.6932,0.1566,0.467,0.5133
Kenya:OND,obs_sst_field,cca,2,raw,indian,8,none,0.4896,-0.1105,-0.2025,0.3317
Kenya:OND,gcm_mos_sst,cca,2,raw,indian,8,none,0.6993,0.1608,0.4714,0.5125
Kenya:OND,obs_sst_field,cca,2,raw,pacific,4,none,0.667,0.1264,0.4228,0.4814
Kenya:OND,gcm_mos_sst,cca,2,raw,pacific,4,none,0.6917,0.1616,0.4467,0.4923
Kenya:OND,obs_sst_field,cca,2,raw,pacific,8,none,0.6684,0.1114,0.419,0.4784
Kenya:OND,gcm_mos_sst,cca,2,raw,pacific,8,none,0.6905,0.1518,0.4419,0.4818
Kenya:OND,gcm_mos_precip,cca,2,raw,region,4,none,0.6596,0.0929,0.4768,0.4674
Kenya:OND,gcm_mos_precip,cca,2,raw,region,8,none,0.6594,0.0862,0.4768,0.4656
Kenya:OND,gcm_mos_precip,qm,2,raw,region,0,none,0.5719,-0.1012,0.2424,0.3447
Kenya:OND,obs_index,regression,2,raw,nino34,0,none,0.5722,-0.0185,0.1474,0.3729
Kenya:OND,gcm_index,regression,2,raw,nino34,0,none,0.6853,0.1559,0.3923,0.475
Kenya:OND,obs_index,regression,2,raw,iod,0,none,0.5191,-0.0572,0.041,0.3615
Kenya:OND,gcm_index,regression,2,raw,iod,0,none,0.7026,0.1832,0.5582,0.5297
Kenya:OND,obs_index,regression,2,raw,wpg,0,none,0.5915,-0.012,0.1338,0.4351
Kenya:OND,gcm_index,regression,2,raw,wpg,0,none,0.6977,0.1847,0.4744,0.5188
Kenya:OND,obs_index,regression,2,raw,wvg,0,none,0.5221,-0.0823,0.0283,0.3669
Kenya:OND,gcm_index,regression,2,raw,wvg,0,none,0.7034,0.2011,0.497,0.5191
Kenya:OND,obs_index,regression,2,raw,iwhg,0,none,0.5805,-0.0101,0.1733,0.4502
Kenya:OND,gcm_index,regression,2,raw,iwhg,0,none,0.7392,0.2515,0.5973,0.5342
Kenya:OND,persistence,regression,2,raw,region,0,none,0.4343,-0.1051,-0.4526,0.3128
Kenya:OND,obs_sst_field,cca,3,std_anom,indo_pacific,4,none,0.6334,0.0529,0.2897,0.4472
Kenya:OND,gcm_mos_sst,cca,3,std_anom,indo_pacific,4,none,0.6664,0.116,0.41,0.4656
Kenya:OND,obs_sst_field,cca,3,std_anom,indo_pacific,8,none,0.6414,0.069,0.3197,0.4695
Kenya:OND,gcm_mos_sst,cca,3,std_anom,indo_pacific,8,none,0.6724,0.1163,0.3779,0.4846
Kenya:OND,obs_sst_field,cca,3,std_anom,indian,4,none,0.4696,-0.1284,-0.2429,0.2866
Kenya:OND,gcm_mos_sst,cca,3,std_anom,indian,4,none,0.6529,0.1099,0.3218,0.5028
Kenya:OND,obs_sst_field,cca,3,std_anom,indian,8,none,0.4382,-0.1832,-0.2447,0.2759
Kenya:OND,gcm_mos_sst,cca,3,std_anom,indian,8,none,0.6578,0.1006,0.2979,0.4917
Kenya:OND,obs_sst_field,cca,3,std_anom,pacific,4,none,0.6501,0.0838,0.4306,0.4532
Kenya:OND,gcm_mos_sst,cca,3,std_anom,pacific,4,none,0.6383,0.0835,0.3331,0.4289
Kenya:OND,obs_sst_field,cca,3,std_anom,pacific,8,none,0.6615,0.0943,0.4247,0.4784
Kenya:OND,gcm_mos_sst,cca,3,std_anom,pacific,8,none,0.6562,0.1048,0.372,0.4713
Kenya:OND,gcm_mos_precip,cca,3,std_anom,region,4,none,0.6591,0.0983,0.37,0.4674
Kenya:OND,gcm_mos_precip,cca,3,std_anom,region,8,none,0.6596,0.0904,0.37,0.4708
Kenya:OND,gcm_mos_precip,qm,3,std_anom,region,0,none,0.4788,-0.255,-0.0725,0.3216
Kenya:OND,obs_index,regression,3,std_anom,nino34,0,none,0.4195,-0.1199,-0.3345,0.282
Kenya:OND,gcm_index,regression,3,std_anom,nino34,0,none,0.6838,0.1545,0.4114,0.4916
Kenya:OND,obs_index,regression,3,std_anom,iod,0,none,0.4233,-0.1006,-0.3153,0.3194
Kenya:OND,gcm_index,regression,3,std_anom,iod,0,none,0.6526,0.1113,0.3999,0.504
Kenya:OND,obs_index,regression,3,std_anom,wpg,0,none,0.4207,-0.1496,-0.2976,0.2697
Kenya:OND,gcm_index,regression,3,std_anom,wpg,0,none,0.6903,0.1634,0.4552,0.4812
Kenya:OND,obs_index,regression,3,std_anom,wvg,0,none,0.4042,-0.143,-0.4281,0.2726
Kenya:OND,gcm_index,regression,3,std_anom,wvg,0,none,0.7061,0.2,0.4925,0.519
Kenya:OND,obs_index,regression,3,std_anom,iwhg,0,none,0.4352,-0.1111,-0.2257,0.3069
Kenya:OND,gcm_index,regression,3,std_anom,iwhg,0,none,0.7136,0.2091,0.5204,0.5234
Kenya:OND,persistence,regression,3,std_anom,region,0,none,0.4271,-0.1614,-0.3149,0.2547
Kenya:OND,obs_sst_field,cca,3,raw,indo_pacific,4,none,0.6502,0.0845,0.3199,0.471
Kenya:OND,gcm_mos_sst,cca,3,raw,indo_pacific,4,none,0.6628,0.1142,0.372,0.4733
Kenya:OND,obs_sst_field,cca,3,raw,indo_pacific,8,none,0.641,0.0615,0.2706,0.4633
Kenya:OND,gcm_mos_sst,cca,3,raw,indo_pacific,8,none,0.6709,0.1193,0.3389,0.4883
Kenya:OND,obs_sst_field,cca,3,raw,indian,4,none,0.4561,-0.1499,-0.3104,0.2842
Kenya:OND,gcm_mos_sst,cca,3,raw,indian,4,none,0.6465,0.0971,0.2816,0.501
Kenya:OND,obs_sst_field,cca,3,raw,indian,8,none,0.4357,-0.185,-0.2698,0.2811
Kenya:OND,gcm_mos_sst,cca,3,raw,indian,8,none,0.6592,0.0967,0.2862,0.4916
Kenya:OND,obs_sst_field,cca,3,raw,pacific,4,none,0.6578,0.1036,0.3902,0.4647
Kenya:OND,gcm_mos_sst,cca,3,raw,pacific,4,none,0.6458,0.0875,0.3062,0.4361
Kenya:OND,obs_sst_field,cca,3,raw,pacific,8,none,0.6494,0.0855,0.3612,0.467
Kenya:OND,gcm_mos_sst,cca,3,raw,pacific,8,none,0.6564,0.1112,0.3259,0.4713
Kenya:OND,gcm_mos_precip,cca,3,raw,region,4,none,0.6634,0.0972,0.3479,0.4652
Kenya:OND,gcm_mos_precip,cca,3,raw,region,8,none,0.6639,0.0893,0.3479,0.4693
Kenya:OND,gcm_mos_precip,qm,3,raw,region,0,none,0.4756,-0.2905,-0.035,0.3214
Kenya:OND,obs_index,regression,3,raw,nino34,0,none,0.4195,-0.1199,-0.2689,0.282
Kenya:OND,gcm_index,regression,3,raw,nino34,0,none,0.6838,0.1545,0.368,0.4916
Kenya:OND,obs_index,regression,3,raw,iod,0,none,0.4233,-0.1006,-0.2477,0.3194
Kenya:OND,gcm_index,regression,3,raw,iod,0,none,0.6526,0.1113,0.426,0.504
Kenya:OND,obs_index,regression,3,raw,wpg,0,none,0.4207,-0.1496,-0.2392,0.2697
Kenya:OND,gcm_index,regression,3,raw,wpg,0,none,0.6903,0.1634,0.4281,0.4812
Kenya:OND,obs_index,regression,3,raw,wvg,0,none,0.4042,-0.143,-0.3712,0.2726
Kenya:OND,gcm_index,regression,3,raw,wvg,0,none,0.7061,0.2,0.4656,0.519
Kenya:OND,obs_index,regression,3,raw,iwhg,0,none,0.4352,-0.1111,-0.1517,0.3069
Kenya:OND,gcm_index,regression,3,raw,iwhg,0,none,0.7136,0.2091,0.5147,0.5234
Kenya:OND,persistence,regression,3,raw,region,0,none,0.4271,-0.1614,-0.2688,0.2547
Kenya:OND,obs_sst_field,cca,4,std_anom,indo_pacific,4,none,0.5957,0.0111,0.2459,0.4136
Kenya:OND,gcm_mos_sst,cca,4,std_anom,indo_pacific,4,none,0.6856,0.1553,0.5083,0.5243
Kenya:OND,obs_sst_field,cca,4,std_anom,indo_pacific,8,none,0.6329,0.061,0.3627,0.4641
Kenya:OND,gcm_mos_sst,cca,4,std_anom,indo_pacific,8,none,0.6795,0.1436,0.5032,0.5215
Kenya:OND,obs_sst_field,cca,4,std_anom,indian,4,none,0.4241,-0.2083,-0.3686,0.2558
Kenya:OND,gcm_mos_sst,cca,4,std_anom,indian,4,none,0.6993,0.1692,0.461,0.5191
Kenya:OND,obs_sst_field,cca,4,std_anom,indian,8,none,0.4608,-0.1591,-0.1581,0.2903
Kenya:OND,gcm_mos_sst,cca,4,std_anom,indian,8,none,0.6963,0.1609,0.4663,0.5198
Kenya:OND,obs_sst_field,cca,4,std_anom,pacific,4,none,0.6399,0.0689,0.3562,0.4571
Kenya:OND,gcm_mos_sst,cca,4,std_anom,pacific,4,none,0.6819,0.1535,0.5327,0.5234
Kenya:OND,obs_sst_field,cca,4,std_anom,pacific,8,none,0.6506,0.0798,0.3767,0.4669
Kenya:OND,gcm_mos_sst,cca,4,std_anom,pacific,8,none,0.6811,0.1438,0.5311,0.51
Kenya:OND,gcm_mos_precip,cca,4,std_anom,region,4,none,0.6835,0.1435,0.5393,0.5056
Kenya:OND,gcm_mos_precip,cca,4,std_anom,region,8,none,0.6837,0.1341,0.5393,0.5083
Kenya:OND,gcm_mos_precip,qm,4,std_anom,region,0,none,0.4559,-0.3128,-0.1322,0.3145
Kenya:OND,obs_index,regression,4,std_anom,nino34,0,none,0.4677,-0.0909,-0.1605,0.3317
Kenya:OND,gcm_index,regression,4,std_anom,nino34,0,none,0.7097,0.2074,0.5053,0.5389
Kenya:OND,obs_index,regression,4,std_anom,iod,0,none,0.4049,-0.1152,-0.4268,0.2966
Kenya:OND,gcm_index,regression,4,std_anom,iod,0,none,0.6657,0.1207,0.434,0.5118
Kenya:OND,obs_index,regression,4,std_anom,wpg,0,none,0.4144,-0.134,-0.4402,0.2818
Kenya:OND,gcm_index,regression,4,std_anom,wpg,0,none,0.6564,0.105,0.3911,0.4856
Kenya:OND,obs_index,regression,4,std_anom,wvg,0,none,0.4561,-0.0938,-0.2464,0.3204
Kenya:OND,gcm_index,regression,4,std_anom,wvg,0,none,0.7126,0.2104,0.529,0.5287
Kenya:OND,obs_index,regression,4,std_anom,iwhg,0,none,0.4011,-0.1322,-0.4676,0.2726
Kenya:OND,gcm_index,regression,4,std_anom,iwhg,0,none,0.71,0.202,0.5374,0.5331
Kenya:OND,persistence,regression,4,std_anom,region,0,none,0.399,-0.1618,-0.3901,0.2464
Kenya:OND,obs_sst_field,cca,4,raw,indo_pacific,4,none,0.6158,0.0341,0.2342,0.4462
Kenya:OND,gcm_mos_sst,cca,4,raw,indo_pacific,4,none,0.6766,0.1367,0.4725,0.5166
Kenya:OND,obs_sst_field,cca,4,raw,indo_pacific,8,none,0.6311,0.0572,0.3277,0.4601
Kenya:OND,gcm_mos_sst,cca,4,raw,indo_pacific,8,none,0.6826,0.1374,0.466,0.5217
Kenya:OND,obs_sst_field,cca,4,raw,indian,4,none,0.4041,-0.2254,-0.4195,0.2444
Kenya:OND,gcm_mos_sst,cca,4,raw,indian,4,none,0.6891,0.1597,0.4393,0.5089
Kenya:OND,obs_sst_field,cca,4,raw,indian,8,none,0.4667,-0.1513,-0.1817,0.2792
Kenya:OND,gcm_mos_sst,cca,4,raw,indian,8,none,0.6923,0.151,0.4414,0.5109
Kenya:OND,obs_sst_field,cca,4,raw,pacific,4,none,0.6499,0.0765,0.3117,0.4751
Kenya:OND,gcm_mos_sst,cca,4,raw,pacific,4,none,0.6864,0.1631,0.4947,0.5318
Kenya:OND,obs_sst_field,cca,4,raw,pacific,8,none,0.6511,0.0757,0.3276,0.4685
Kenya:OND,gcm_mos_sst,cca,4,raw,pacific,8,none,0.6787,0.1395,0.5015,0.5089
Kenya:OND,gcm_mos_precip,cca,4,raw,region,4,none,0.6822,0.1463,0.525,0.5067
Kenya:OND,gcm_mos_precip,cca,4,raw,region,8,none,0.6823,0.1367,0.525,0.5105
Kenya:OND,gcm_mos_precip,qm,4,raw,region,0,none,0.4549,-0.3504,-0.0748,0.3156
Kenya:OND,obs_index,regression,4,raw,nino34,0,none,0.4677,-0.0909,-0.2629,0.3317
Kenya:OND,gcm_index,regression,4,raw,nino34,0,none,0.7097,0.2074,0.4576,0.5389
Kenya:OND,obs_index,regression,4,raw,iod,0,none,0.4049,-0.1152,-0.387,0.2966
Kenya:OND,gcm_index,regression,4,raw,iod,0,none,0.6657,0.1207,0.445,0.5118
Kenya:OND,obs_index,regression,4,raw,wpg,0,none,0.4144,-0.134,-0.4753,0.2818
Kenya:OND,gcm_index,regression,4,raw,wpg,0,none,0.6564,0.105,0.361,0.4856
Kenya:OND,obs_index,regression,4,raw,wvg,0,none,0.4561,-0.0938,-0.3796,0.3204
Kenya:OND,gcm_index,regression,4,raw,wvg,0,none,0.7126,0.2104,0.5028,0.5287
Kenya:OND,obs_index,regression,4,raw,iwhg,0,none,0.4011,-0.1322,-0.4719,0.2726
Kenya:OND,gcm_index,regression,4,raw,iwhg,0,none,0.71,0.202,0.5239,0.5331
Kenya:OND,persistence,regression,4,raw,region,0,none,0.399,-0.1618,-0.3548,0.2464
Somalia:MAM,obs_sst_field,cca,0,std_anom,indo_pacific,4,none,0.4444,-0.153,-0.1631,0.2814
Somalia:MAM,gcm_mos_sst,cca,0,std_anom,indo_pacific,4,none,0.4279,-0.1433,-0.1728,0.2741
Somalia:MAM,obs_sst_field,cca,0,std_anom,indo_pacific,8,none,0.4731,-0.1378,-0.0915,0.3216
Somalia:MAM,gcm_mos_sst,cca,0,std_anom,indo_pacific,8,none,0.4514,-0.1312,-0.1213,0.2956
Somalia:MAM,obs_sst_field,cca,0,std_anom,indian,4,none,0.4313,-0.1711,-0.184,0.2685
Somalia:MAM,gcm_mos_sst,cca,0,std_anom,indian,4,none,0.44,-0.1517,-0.1898,0.2796
Somalia:MAM,obs_sst_field,cca,0,std_anom,indian,8,none,0.454,-0.1622,-0.1322,0.2958
Somalia:MAM,gcm_mos_sst,cca,0,std_anom,indian,8,none,0.4514,-0.1393,-0.1618,0.2826
Somalia:MAM,obs_sst_field,cca,0,std_anom,pacific,4,none,0.4668,-0.0979,-0.0829,0.3095
Somalia:MAM,gcm_mos_sst,cca,0,std_anom,pacific,4,none,0.4339,-0.1315,-0.184,0.2704
Somalia:MAM,obs_sst_field,cca,0,std_anom,pacific,8,none,0.4857,-0.108,-0.0385,0.3306
Somalia:MAM,gcm_mos_sst,cca,0,std_anom,pacific,8,none,0.4516,-0.1331,-0.1279,0.2854
Somalia:MAM,gcm_mos_precip,cca,0,std_anom,region,4,none,0.4715,-0.0828,-0.0338,0.2913
Somalia:MAM,gcm_mos_precip,cca,0,std_anom,region,8,none,0.4715,-0.0857,-0.0418,0.298
Somalia:MAM,gcm_mos_precip,qm,0,std_anom,region,0,none,0.651,0.0475,0.2951,0.3568
Somalia:MAM,obs_index,regression,0,std_anom,nino34,0,none,0.5051,-0.0453,0.0235,0.3507
Somalia:MAM,gcm_index,regression,0,std_anom,nino34,0,none,0.5003,-0.0493,0.0228,0.3372
Somalia:MAM,obs_index,regression,0,std_anom,iod,0,none,0.3917,-0.1039,-0.4014,0.2398
Somalia:MAM,gcm_index,regression,0,std_anom,iod,0,none,0.4243,-0.0829,-0.2658,0.267
Somalia:MAM,obs_index,regression,0,std_anom,wpg,0,none,0.4985,-0.0495,-0.0079,0.3257
Somalia:MAM,gcm_index,regression,0,std_anom,wpg,0,none,0.4941,-0.048,0.0058,0.3261
Somalia:MAM,obs_index,regression,0,std_anom,wvg,0,none,0.5242,-0.0314,0.0707,0.3609
Somalia:MAM,gcm_index,regression,0,std_anom,wvg,0,none,0.5295,-0.0272,0.0892,0.3594
Somalia:MAM,obs_index,regression,0,std_anom,iwhg,0,none,0.4959,-0.0479,0.0004,0.316
Somalia:MAM,gcm_index,regression,0,std_anom,iwhg,0,none,0.4798,-0.0543,-0.0332,0.3053
Somalia:MAM,persistence,regression,0,std_anom,region,0,none,0.4698,-0.0534,-0.0409,0.2885
Somalia:MAM,obs_sst_field,cca,0,raw,indo_pacific,4,none,0.4732,-0.1177,-0.1169,0.3112
Somalia:MAM,gcm_mos_sst,cca,0,raw,indo_pacific,4,none,0.4719,-0.1175,-0.0658,0.3179
Somalia:MAM,obs_sst_field,cca,0,raw,indo_pacific,8,none,0.4693,-0.1289,-0.1512,0.3204
Somalia:MAM,gcm_mos_sst,cca,0,raw,indo_pacific,8,none,0.4594,-0.1282,-0.1358,0.302
Somalia:MAM,obs_sst_field,cca,0,raw,indian,4,none,0.4371,-0.1594,-0.1047,0.2777
Somalia:MAM,gcm_mos_sst,cca,0,raw,indian,4,none,0.4267,-0.1577,-0.2095,0.2591
Somalia:MAM,obs_sst_field,cca,0,raw,indian,8,none,0.4417,-0.1686,-0.1515,0.2856
Somalia:MAM,gcm_mos_sst,cca,0,raw,indian,8,none,0.4407,-0.1376,-0.1869,0.277
Somalia:MAM,obs_sst_field,cca,0,raw,pacific,4,none,0.4988,-0.0793,-0.0597,0.3281
Somalia:MAM,gcm_mos_sst,cca,0,raw,pacific,4,none,0.4608,-0.1159,-0.0782,0.3145
Somalia:MAM,obs_sst_field,cca,0,raw,pacific,8,none,0.4957,-0.0982,-0.0753,0.3357
Somalia:MAM,gcm_mos_sst,cca,0,raw,pacific,8,none,0.4621,-0.1173,-0.1318,0.3023
Somalia:MAM,gcm_mos_precip,cca,0,raw,region,4,none,0.4571,-0.0971,-0.0091,0.2645
Somalia:MAM,gcm_mos_precip,cca,0,raw,region,8,none,0.4739,-0.0854,0.0192,0.2961
Somalia:MAM,gcm_mos_precip,qm,0,raw,region,0,none,0.6333,0.1898,0.2607,0.3691
Somalia:MAM,obs_index,regression,0,raw,nino34,0,none,0.5051,-0.0453,0.0587,0.3507
Somalia:MAM,gcm_index,regression,0,raw,nino34,0,none,0.5003,-0.0493,0.0354,0.3372
Somalia:MAM,obs_index,regression,0,raw,iod,0,none,0.3917,-0.1039,-0.4176,0.2398
Somalia:MAM,gcm_index,regression,0,raw,iod,0,none,0.4243,-0.0829,-0.2284,0.267
Somalia:MAM,obs_index,regression,0,raw,wpg,0,none,0.4985,-0.0495,0.0245,0.3257
Somalia:MAM,gcm_index,regression,0,raw,wpg,0,none,0.4941,-0.048,0.0452,0.3261
Somalia:MAM,obs_index,regression,0,raw,wvg,0,none,0.5242,-0.0314,0.0865,0.3609
Somalia:MAM,gcm_index,regression,0,raw,wvg,0,none,0.5295,-0.0272,0.1052,0.3594
Somalia:MAM,obs_index,regression,0,raw,iwhg,0,none,0.4959,-0.0479,0.0524,0.316
Somalia:MAM,gcm_index,regression,0,raw,iwhg,0,none,0.4798,-0.0543,0.0161,0.3053
Somalia:MAM,persistence,regression,0,raw,region,0,none,0.4698,-0.0534,0.0303,0.2885
Somalia:MAM,obs_sst_field,cca,1,std_anom,indo_pacific,4,none,0.4991,-0.102,0.0051,0.3372
Somalia:MAM,gcm_mos_sst,cca,1,std_anom,indo_pacific,4,none,0.4298,-0.1491,-0.193,0.2707
Somalia:MAM,obs_sst_field,cca,1,std_anom,indo_pacific,8,none,0.4771,-0.1166,-0.0462,0.3139
Somalia:MAM,gcm_mos_sst,cca,1,std_anom,indo_pacific,8,none,0.4731,-0.1134,-0.0866,0.3173
Somalia:MAM,obs_sst_field,cca,1,std_anom,indian,4,none,0.4667,-0.1358,-0.1009,0.2881
Somalia:MAM,gcm_mos_sst,cca,1,std_anom,indian,4,none,0.3969,-0.1791,-0.2717,0.2314
Somalia:MAM,obs_sst_field,cca,1,std_anom,indian,8,none,0.4616,-0.1583,-0.099,0.3046
Somalia:MAM,gcm_mos_sst,cca,1,std_anom,indian,8,none,0.4174,-0.1661,-0.2035,0.2636
Somalia:MAM,obs_sst_field,cca,1,std_anom,pacific,4,none,0.4705,-0.1178,-0.0305,0.2887
Somalia:MAM,gcm_mos_sst,cca,1,std_anom,pacific,4,none,0.4175,-0.1443,-0.2037,0.2416
Somalia:MAM,obs_sst_field,cca,1,std_anom,pacific,8,none,0.4338,-0.183,-0.1423,0.2669
Somalia:MAM,gcm_mos_sst,cca,1,std_anom,pacific,8,none,0.4806,-0.1168,-0.0795,0.3114
Somalia:MAM,gcm_mos_precip,cca,1,std_anom,region,4,none,0.4244,-0.1331,-0.1906,0.2674
Somalia:MAM,gcm_mos_precip,cca,1,std_anom,region,8,none,0.4246,-0.1233,-0.2094,0.2629
Somalia:MAM,gcm_mos_precip,qm,1,std_anom,region,0,none,0.6234,0.0125,0.2403,0.3573
Somalia:MAM,obs_index,regression,1,std_anom,nino34,0,none,0.4635,-0.0687,-0.0571,0.3059
Somalia:MAM,gcm_index,regression,1,std_anom,nino34,0,none,0.4828,-0.0607,-0.0346,0.3179
Somalia:MAM,obs_index,regression,1,std_anom,iod,0,none,0.4321,-0.0943,-0.1699,0.2586
Somalia:MAM,gcm_index,regression,1,std_anom,iod,0,none,0.4073,-0.0913,-0.3306,0.2611
Somalia:MAM,obs_index,regression,1,std_anom,wpg,0,none,0.4709,-0.0717,-0.0733,0.2978
Somalia:MAM,gcm_index,regression,1,std_anom,wpg,0,none,0.4921,-0.0542,-0.0287,0.3261
Somalia:MAM,obs_index,regression,1,std_anom,wvg,0,none,0.4832,-0.0583,-0.0202,0.3152
Somalia:MAM,gcm_index,regression,1,std_anom,wvg,0,none,0.5244,-0.0315,0.0731,0.3517
Somalia:MAM,obs_index,regression,1,std_anom,iwhg,0,none,0.4723,-0.0683,-0.0388,0.2937
Somalia:MAM,gcm_index,regression,1,std_anom,iwhg,0,none,0.4671,-0.0642,-0.0866,0.3102
Somalia:MAM,persistence,regression,1,std_anom,region,0,none,0.4683,-0.0611,-0.0234,0.2876
Somalia:MAM,obs_sst_field,cca,1,raw,indo_pacific,4,none,0.5027,-0.0847,-0.0142,0.337
Somalia:MAM,gcm_mos_sst,cca,1,raw,indo_pacific,4,none,0.4459,-0.1416,-0.1653,0.2834
Somalia:MAM,obs_sst_field,cca,1,raw,indo_pacific,8,none,0.4833,-0.0999,-0.0873,0.3273
Somalia:MAM,gcm_mos_sst,cca,1,raw,indo_pacific,8,none,0.4737,-0.1122,-0.1363,0.3141
Somalia:MAM,obs_sst_field,cca,1,raw,indian,4,none,0.4188,-0.1942,-0.2298,0.2415
Somalia:MAM,gcm_mos_sst,cca,1,raw,indian,4,none,0.4042,-0.1786,-0.2369,0.2443
Somalia:MAM,obs_sst_field,cca,1,raw,indian,8,none,0.4759,-0.1404,-0.0805,0.3147
Somalia:MAM,gcm_mos_sst,cca,1,raw,indian,8,none,0.4181,-0.1642,-0.2045,0.2705
Somalia:MAM,obs_sst_field,cca,1,raw,pacific,4,none,0.4737,-0.1225,-0.0585,0.3025
Somalia:MAM,gcm_mos_sst,cca,1,raw,pacific,4,none,0.4619,-0.1154,-0.1659,0.3039
Somalia:MAM,obs_sst_field,cca,1,raw,pacific,8,none,0.4473,-0.1612,-0.1861,0.2755
Somalia:MAM,gcm_mos_sst,cca,1,raw,pacific,8,none,0.4751,-0.1055,-0.1479,0.3122
Somalia:MAM,gcm_mos_precip,cca,1,raw,region,4,none,0.4438,-0.1118,-0.2217,0.2827
Somalia:MAM,gcm_mos_precip,cca,1,raw,region,8,none,0.4217,-0.1251,-0.2618,0.2633
Somalia:MAM,gcm_mos_precip,qm,1,raw,region,0,none,0.5944,0.1502,0.172,0.3636
Somalia:MAM,obs_index,regression,1,raw,nino34,0,none,0.4635,-0.0687,0.0062,0.3059
Somalia:MAM,gcm_index,regression,1,raw,nino34,0,none,0.4828,-0.0607,-0.0375,0.3179
Somalia:MAM,obs_index,regression,1,raw,iod,0,none,0.4321,-0.0943,-0.1753,0.2586
Somalia:MAM,gcm_index,regression,1,raw,iod,0,none,0.4073,-0.0913,-0.3457,0.2611
Somalia:MAM,obs_index,regression,1,raw,wpg,0,none,0.4709,-0.0717,-0.0368,0.2978
Somalia:MAM,gcm_index,regression,1,raw,wpg,0,none,0.4921,-0.0542,-0.0148,0.3261
Somalia:MAM,obs_index,regression,1,raw,wvg,0,none,0.4832,-0.0583,0.0129,0.3152
Somalia:MAM,gcm_index,regression,1,raw,wvg,0,none,0.5244,-0.0315,0.0835,0.3517
Somalia:MAM,obs_index,regression,1,raw,iwhg,0,none,0.4723,-0.0683,0.0007,0.2937
Somalia:MAM,gcm_index,regression,1,raw,iwhg,0,none,0.4671,-0.0642,-0.0839,0.3102
Somalia:MAM,persistence,regression,1,raw,region,0,none,0.4683,-0.0611,0.0108,0.2876
Somalia:MAM,obs_sst_field,cca,2,std_anom,indo_pacific,4,none,0.4624,-0.1057,-0.0629,0.2728
Somalia:MAM,gcm_mos_sst,cca,2,std_anom,indo_pacific,4,none,0.5211,-0.0466,0.073,0.356
Somalia:MAM,obs_sst_field,cca,2,std_anom,indo_pacific,8,none,0.4578,-0.128,-0.079,0.2768
Somalia:MAM,gcm_mos_sst,cca,2,std_anom,indo_pacific,8,none,0.5266,-0.0433,0.0707,0.3657
Somalia:MAM,obs_sst_field,cca,2,std_anom,indian,4,none,0.4368,-0.1997,-0.2176,0.2607
Somalia:MAM,gcm_mos_sst,cca,2,std_anom,indian,4,none,0.4388,-0.1292,-0.2035,0.2992
Somalia:MAM,obs_sst_field,cca,2,std_anom,indian,8,none,0.4485,-0.1829,-0.1834,0.2851
Somalia:MAM,gcm_mos_sst,cca,2,std_anom,indian,8,none,0.4535,-0.1269,-0.1555,0.2958
Somalia:MAM,obs_sst_field,cca,2,std_anom,pacific,4,none,0.4664,-0.1146,-0.0405,0.2688
Somalia:MAM,gcm_mos_sst,cca,2,std_anom,pacific,4,none,0.5061,-0.0764,0.0026,0.3367
Somalia:MAM,obs_sst_field,cca,2,std_anom,pacific,8,none,0.4637,-0.1302,-0.0749,0.2634
Somalia:MAM,gcm_mos_sst,cca,2,std_anom,pacific,8,none,0.5217,-0.0662,0.0338,0.3554
Somalia:MAM,gcm_mos_precip,cca,2,std_anom,region,4,none,0.4939,-0.0802,-0.0462,0.338
Somalia:MAM,gcm_mos_precip,cca,2,std_anom,region,8,none,0.5112,-0.0629,0.0114,0.3573
Somalia:MAM,gcm_mos_precip,qm,2,std_anom,region,0,none,0.6276,0.0242,0.2516,0.3556
Somalia:MAM,obs_index,regression,2,std_anom,nino34,0,none,0.4565,-0.0858,-0.1308,0.2942
Somalia:MAM,gcm_index,regression,2,std_anom,nino34,0,none,0.4686,-0.0667,-0.0654,0.3046
Somalia:MAM,obs_index,regression,2,std_anom,iod,0,none,0.4553,-0.0881,-0.133,0.2669
Somalia:MAM,gcm_index,regression,2,std_anom,iod,0,none,0.4233,-0.0983,-0.3,0.2785
Somalia:MAM,obs_index,regression,2,std_anom,wpg,0,none,0.4553,-0.0897,-0.1393,0.288
Somalia:MAM,gcm_index,regression,2,std_anom,wpg,0,none,0.4826,-0.0632,-0.0736,0.32
Somalia:MAM,obs_index,regression,2,std_anom,wvg,0,none,0.4638,-0.0772,-0.0945,0.2884
Somalia:MAM,gcm_index,regression,2,std_anom,wvg,0,none,0.478,-0.0605,-0.0743,0.3163
Somalia:MAM,obs_index,regression,2,std_anom,iwhg,0,none,0.4631,-0.0873,-0.1121,0.2822
Somalia:MAM,gcm_index,regression,2,std_anom,iwhg,0,none,0.4667,-0.0741,-0.1301,0.3034
Somalia:MAM,persistence,regression,2,std_anom,region,0,none,0.4484,-0.0848,-0.0778,0.2696
Somalia:MAM,obs_sst_field,cca,2,raw,indo_pacific,4,none,0.4656,-0.0976,-0.0864,0.2847
Somalia:MAM,gcm_mos_sst,cca,2,raw,indo_pacific,4,none,0.5426,-0.022,0.0466,0.3642
Somalia:MAM,obs_sst_field,cca,2,raw,indo_pacific,8,none,0.4594,-0.1261,-0.0786,0.2775
Somalia:MAM,gcm_mos_sst,cca,2,raw,indo_pacific,8,none,0.5347,-0.0384,-0.0009,0.3626
Somalia:MAM,obs_sst_field,cca,2,raw,indian,4,none,0.43,-0.2029,-0.237,0.2679
Somalia:MAM,gcm_mos_sst,cca,2,raw,indian,4,none,0.462,-0.1114,-0.2081,0.304
Somalia:MAM,obs_sst_field,cca,2,raw,indian,8,none,0.4542,-0.1734,-0.1567,0.2859
Somalia:MAM,gcm_mos_sst,cca,2,raw,indian,8,none,0.4584,-0.1248,-0.198,0.2918
Somalia:MAM,obs_sst_field,cca,2,raw,pacific,4,none,0.4741,-0.1007,-0.0571,0.2833
Somalia:MAM,gcm_mos_sst,cca,2,raw,pacific,4,none,0.5194,-0.0476,-0.0364,0.3466
Somalia:MAM,obs_sst_field,cca,2,raw,pacific,8,none,0.4544,-0.1318,-0.0836,0.2698
Somalia:MAM,gcm_mos_sst,cca,2,raw,pacific,8,none,0.5205,-0.0597,-0.0623,0.353
Somalia:MAM,gcm_mos_precip,cca,2,raw,region,4,none,0.4978,-0.0705,-0.0401,0.3367
Somalia:MAM,gcm_mos_precip,cca,2,raw,region,8,none,0.5095,-0.0621,0.016,0.3568
Somalia:MAM,gcm_mos_precip,qm,2,raw,region,0,none,0.6038,0.1735,0.1915,0.3625
Somalia:MAM,obs_index,regression,2,raw,nino34,0,none,0.4565,-0.0858,-0.0892,0.2942
Somalia:MAM,gcm_index,regression,2,raw,nino34,0,none,0.4686,-0.0667,-0.0577,0.3046
Somalia:MAM,obs_index,regression,2,raw,iod,0,none,0.4553,-0.0881,-0.1313,0.2669
Somalia:MAM,gcm_index,regression,2,raw,iod,0,none,0.4233,-0.0983,-0.3558,0.2785
Somalia:MAM,obs_index,regression,2,raw,wpg,0,none,0.4553,-0.0897,-0.114,0.288
Somalia:MAM,gcm_index,regression,2,raw,wpg,0,none,0.4826,-0.0632,-0.0636,0.32
Somalia:MAM,obs_index,regression,2,raw,wvg,0,none,0.4638,-0.0772,-0.0591,0.2884
Somalia:MAM,gcm_index,regression,2,raw,wvg,0,none,0.478,-0.0605,-0.0603,0.3163
Somalia:MAM,obs_index,regression,2,raw,iwhg,0,none,0.4631,-0.0873,-0.0954,0.2822
Somalia:MAM,gcm_index,regression,2,raw,iwhg,0,none,0.4667,-0.0741,-0.1417,0.3034
Somalia:MAM,persistence,regression,2,raw,region,0,none,0.4484,-0.0848,-0.0786,0.2696
Somalia:MAM,obs_sst_field,cca,3,std_anom,indo_pacific,4,none,0.4892,-0.0737,-0.012,0.3045
Somalia:MAM,gcm_mos_sst,cca,3,std_anom,indo_pacific,4,none,0.4804,-0.0972,-0.0576,0.2985
Somalia:MAM,obs_sst_field,cca,3,std_anom,indo_pacific,8,none,0.4749,-0.0992,-0.0129,0.2886
Somalia:MAM,gcm_mos_sst,cca,3,std_anom,indo_pacific,8,none,0.4856,-0.1036,-0.0333,0.3065
Somalia:MAM,obs_sst_field,cca,3,std_anom,indian,4,none,0.4671,-0.1376,-0.1093,0.2891
Somalia:MAM,gcm_mos_sst,cca,3,std_anom,indian,4,none,0.4449,-0.099,-0.19,0.2705
Somalia:MAM,obs_sst_field,cca,3,std_anom,indian,8,none,0.4899,-0.1296,-0.0406,0.3224
Somalia:MAM,gcm_mos_sst,cca,3,std_anom,indian,8,none,0.4721,-0.102,-0.0924,0.3011
Somalia:MAM,obs_sst_field,cca,3,std_anom,pacific,4,none,0.5101,-0.0617,0.0883,0.3345
Somalia:MAM,gcm_mos_sst,cca,3,std_anom,pacific,4,none,0.481,-0.1026,-0.0675,0.2965
Somalia:MAM,obs_sst_field,cca,3,std_anom,pacific,8,none,0.5039,-0.0855,0.0574,0.3176
Somalia:MAM,gcm_mos_sst,cca,3,std_anom,pacific,8,none,0.4889,-0.0918,-0.0135,0.3112
Somalia:MAM,gcm_mos_precip,cca,3,std_anom,region,4,none,0.5383,-0.0188,0.1369,0.3649
Somalia:MAM,gcm_mos_precip,cca,3,std_anom,region,8,none,0.5297,-0.0308,0.1145,0.3622
Somalia:MAM,gcm_mos_precip,qm,3,std_anom,region,0,none,0.5797,0.0041,0.324,0.3474
Somalia:MAM,obs_index,regression,3,std_anom,nino34,0,none,0.4569,-0.0874,-0.1339,0.297
Somalia:MAM,gcm_index,regression,3,std_anom,nino34,0,none,0.4192,-0.0955,-0.301,0.264
Somalia:MAM,obs_index,regression,3,std_anom,iod,0,none,0.4557,-0.0852,-0.1187,0.2652
Somalia:MAM,gcm_index,regression,3,std_anom,iod,0,none,0.4078,-0.1027,-0.297,0.2524
Somalia:MAM,obs_index,regression,3,std_anom,wpg,0,none,0.4524,-0.0904,-0.1518,0.2839
Somalia:MAM,gcm_index,regression,3,std_anom,wpg,0,none,0.4098,-0.102,-0.3198,0.2418
Somalia:MAM,obs_index,regression,3,std_anom,wvg,0,none,0.4668,-0.0744,-0.086,0.2904
Somalia:MAM,gcm_index,regression,3,std_anom,wvg,0,none,0.4301,-0.0963,-0.2302,0.262
Somalia:MAM,obs_index,regression,3,std_anom,iwhg,0,none,0.4609,-0.0871,-0.1124,0.2743
Somalia:MAM,gcm_index,regression,3,std_anom,iwhg,0,none,0.4076,-0.1029,-0.3198,0.2427
Somalia:MAM,persistence,regression,3,std_anom,region,0,none,0.444,-0.0865,-0.1069,0.2657
Somalia:MAM,obs_sst_field,cca,3,raw,indo_pacific,4,none,0.4995,-0.073,-0.0023,0.3219
Somalia:MAM,gcm_mos_sst,cca,3,raw,indo_pacific,4,none,0.4819,-0.0921,-0.0298,0.2998
Somalia:MAM,obs_sst_field,cca,3,raw,indo_pacific,8,none,0.4737,-0.1008,-0.0286,0.2869
Somalia:MAM,gcm_mos_sst,cca,3,raw,indo_pacific,8,none,0.4917,-0.0854,0.0349,0.3119
Somalia:MAM,obs_sst_field,cca,3,raw,indian,4,none,0.4934,-0.1189,0.0231,0.3295
Somalia:MAM,gcm_mos_sst,cca,3,raw,indian,4,none,0.4534,-0.1113,-0.1555,0.2799
Somalia:MAM,obs_sst_field,cca,3,raw,indian,8,none,0.4949,-0.1289,0.0066,0.3221
Somalia:MAM,gcm_mos_sst,cca,3,raw,indian,8,none,0.4639,-0.1088,-0.0677,0.2931
Somalia:MAM,obs_sst_field,cca,3,raw,pacific,4,none,0.5087,-0.0864,0.0199,0.3357
Somalia:MAM,gcm_mos_sst,cca,3,raw,pacific,4,none,0.4808,-0.1001,0.0006,0.304
Somalia:MAM,obs_sst_field,cca,3,raw,pacific,8,none,0.4943,-0.0865,-0.0097,0.3059
Somalia:MAM,gcm_mos_sst,cca,3,raw,pacific,8,none,0.4941,-0.0867,0.0671,0.3187
Somalia:MAM,gcm_mos_precip,cca,3,raw,region,4,none,0.5299,-0.0251,0.1199,0.3624
Somalia:MAM,gcm_mos_precip,cca,3,raw,region,8,none,0.528,-0.0279,0.0995,0.3585
Somalia:MAM,gcm_mos_precip,qm,3,raw,region,0,none,0.5822,0.1884,0.3238,0.3579
Somalia:MAM,obs_index,regression,3,raw,nino34,0,none,0.4569,-0.0874,-0.0943,0.297
Somalia:MAM,gcm_index,regression,3,raw,nino34,0,none,0.4192,-0.0955,-0.2839,0.264
Somalia:MAM,obs_index,regression,3,raw,iod,0,none,0.4557,-0.0852,-0.1012,0.2652
Somalia:MAM,gcm_index,regression,3,raw,iod,0,none,0.4078,-0.1027,-0.2777,0.2524
Somalia:MAM,obs_index,regression,3,raw,wpg,0,none,0.4524,-0.0904,-0.1254,0.2839
Somalia:MAM,gcm_index,regression,3,raw,wpg,0,none,0.4098,-0.102,-0.3479,0.2418
Somalia:MAM,obs_index,regression,3,raw,wvg,0,none,0.4668,-0.0744,-0.0521,0.2904
Somalia:MAM,gcm_index,regression,3,raw,wvg,0,none,0.4301,-0.0963,-0.2233,0.262
Somalia:MAM,obs_index,regression,3,raw,iwhg,0,none,0.4609,-0.0871,-0.0902,0.2743
Somalia:MAM,gcm_index,regression,3,raw,iwhg,0,none,0.4076,-0.1029,-0.3124,0.2427
Somalia:MAM,persistence,regression,3,raw,region,0,none,0.444,-0.0865,-0.1087,0.2657
Somalia:MAM,obs_sst_field,cca,4,std_anom,indo_pacific,4,none,0.4654,-0.1145,-0.1139,0.2926
Somalia:MAM,gcm_mos_sst,cca,4,std_anom,indo_pacific,4,none,0.4857,-0.0897,-0.0129,0.3087
Somalia:MAM,obs_sst_field,cca,4,std_anom,indo_pacific,8,none,0.4356,-0.1479,-0.1521,0.262
Somalia:MAM,gcm_mos_sst,cca,4,std_anom,indo_pacific,8,none,0.4888,-0.1001,-0.0253,0.3245
Somalia:MAM,obs_sst_field,cca,4,std_anom,indian,4,none,0.4978,-0.0852,-0.061,0.3138
Somalia:MAM,gcm_mos_sst,cca,4,std_anom,indian,4,none,0.4537,-0.0951,-0.1302,0.2763
Somalia:MAM,obs_sst_field,cca,4,std_anom,indian,8,none,0.5367,-0.0654,0.0825,0.3485
Somalia:MAM,gcm_mos_sst,cca,4,std_anom,indian,8,none,0.4645,-0.1046,-0.0989,0.2901
Somalia:MAM,obs_sst_field,cca,4,std_anom,pacific,4,none,0.4644,-0.1206,-0.0803,0.2842
Somalia:MAM,gcm_mos_sst,cca,4,std_anom,pacific,4,none,0.4915,-0.0963,-0.0165,0.3247
Somalia:MAM,obs_sst_field,cca,4,std_anom,pacific,8,none,0.4819,-0.1132,-0.0162,0.3014
Somalia:MAM,gcm_mos_sst,cca,4,std_anom,pacific,8,none,0.4858,-0.109,-0.0456,0.3129
Somalia:MAM,gcm_mos_precip,cca,4,std_anom,region,4,none,0.4684,-0.0776,-0.0625,0.2943
Somalia:MAM,gcm_mos_precip,cca,4,std_anom,region,8,none,0.4592,-0.0854,-0.0982,0.2851
Somalia:MAM,gcm_mos_precip,qm,4,std_anom,region,0,none,0.5272,-0.0758,0.0541,0.3355
Somalia:MAM,obs_index,regression,4,std_anom,nino34,0,none,0.4515,-0.0922,-0.1612,0.2913
Somalia:MAM,gcm_index,regression,4,std_anom,nino34,0,none,0.4208,-0.0934,-0.2935,0.274
Somalia:MAM,obs_index,regression,4,std_anom,iod,0,none,0.4527,-0.0802,-0.1103,0.2669
Somalia:MAM,gcm_index,regression,4,std_anom,iod,0,none,0.4002,-0.1043,-0.338,0.2737
Somalia:MAM,obs_index,regression,4,std_anom,wpg,0,none,0.446,-0.0942,-0.1769,0.2769
Somalia:MAM,gcm_index,regression,4,std_anom,wpg,0,none,0.4207,-0.1007,-0.2949,0.2568
Somalia:MAM,obs_index,regression,4,std_anom,wvg,0,none,0.4628,-0.0772,-0.1085,0.2864
Somalia:MAM,gcm_index,regression,4,std_anom,wvg,0,none,0.4419,-0.0937,-0.1985,0.2768
Somalia:MAM,obs_index,regression,4,std_anom,iwhg,0,none,0.4578,-0.0851,-0.1127,0.2725
Somalia:MAM,gcm_index,regression,4,std_anom,iwhg,0,none,0.4147,-0.1025,-0.308,0.2564
Somalia:MAM,persistence,regression,4,std_anom,region,0,none,0.4331,-0.1019,-0.1599,0.2586
Somalia:MAM,obs_sst_field,cca,4,raw,indo_pacific,4,none,0.4564,-0.1206,-0.1692,0.279
Somalia:MAM,gcm_mos_sst,cca,4,raw,indo_pacific,4,none,0.4936,-0.0787,0.0187,0.3176
Somalia:MAM,obs_sst_field,cca,4,raw,indo_pacific,8,none,0.4369,-0.1552,-0.1788,0.2609
Somalia:MAM,gcm_mos_sst,cca,4,raw,indo_pacific,8,none,0.4961,-0.0937,-0.0174,0.3173
Somalia:MAM,obs_sst_field,cca,4,raw,indian,4,none,0.4803,-0.1321,-0.0497,0.3077
Somalia:MAM,gcm_mos_sst,cca,4,raw,indian,4,none,0.4757,-0.0822,-0.0112,0.2976
Somalia:MAM,obs_sst_field,cca,4,raw,indian,8,none,0.5323,-0.0769,0.1404,0.3454
Somalia:MAM,gcm_mos_sst,cca,4,raw,indian,8,none,0.4592,-0.1069,-0.0635,0.2834
Somalia:MAM,obs_sst_field,cca,4,raw,pacific,4,none,0.4678,-0.1263,-0.1221,0.2958
Somalia:MAM,gcm_mos_sst,cca,4,raw,pacific,4,none,0.4887,-0.0877,-0.008,0.3131
Somalia:MAM,obs_sst_field,cca,4,raw,pacific,8,none,0.4764,-0.115,-0.0839,0.3051
Somalia:MAM,gcm_mos_sst,cca,4,raw,pacific,8,none,0.4863,-0.1086,-0.0207,0.3144
Somalia:MAM,gcm_mos_precip,cca,4,raw,region,4,none,0.4615,-0.0873,-0.0375,0.2767
Somalia:MAM,gcm_mos_precip,cca,4,raw,region,8,none,0.4588,-0.0869,-0.0221,0.2799
Somalia:MAM,gcm_mos_precip,qm,4,raw,region,0,none,0.5295,0.118,0.0739,0.3454
Somalia:MAM,obs_index,regression,4,raw,nino34,0,none,0.4515,-0.0922,-0.1208,0.2913
Somalia:MAM,gcm_index,regression,4,raw,nino34,0,none,0.4208,-0.0934,-0.2908,0.274
Somalia:MAM,obs_index,regression,4,raw,iod,0,none,0.4527,-0.0802,-0.0758,0.2669
Somalia:MAM,gcm_index,regression,4,raw,iod,0,none,0.4002,-0.1043,-0.3471,0.2737
Somalia:MAM,obs_index,regression,4,raw,wpg,0,none,0.446,-0.0942,-0.1456,0.2769
Somalia:MAM,gcm_index,regression,4,raw,wpg,0,none,0.4207,-0.1007,-0.3339,0.2568
Somalia:MAM,obs_index,regression,4,raw,wvg,0,none,0.4628,-0.0772,-0.0686,0.2864
Somalia:MAM,gcm_index,regression,4,raw,wvg,0,none,0.4419,-0.0937,-0.1991,0.2768
Somalia:MAM,obs_index,regression,4,raw,iwhg,0,none,0.4578,-0.0851,-0.0801,0.2725
Somalia:MAM,gcm_index,regression,4,raw,iwhg,0,none,0.4147,-0.1025,-0.3362,0.2564
Somalia:MAM,persistence,regression,4,raw,region,0,none,0.4331,-0.1019,-0.1897,0.2586
Somalia:SON,obs_sst_field,cca,0,std_anom,indo_pacific,4,none,0.6648,0.1084,0.3718,0.4857
Somalia:SON,gcm_mos_sst,cca,0,std_anom,indo_pacific,4,none,0.6425,0.0826,0.3666,0.4545
Somalia:SON,obs_sst_field,cca,0,std_anom,indo_pacific,8,none,0.654,0.0986,0.3226,0.4924
Somalia:SON,gcm_mos_sst,cca,0,std_anom,indo_pacific,8,none,0.6319,0.0629,0.3202,0.4384
Somalia:SON,obs_sst_field,cca,0,std_anom,indian,4,none,0.5493,-0.0611,-0.0015,0.3824
Somalia:SON,gcm_mos_sst,cca,0,std_anom,indian,4,none,0.6641,0.1084,0.3375,0.467
Somalia:SON,obs_sst_field,cca,0,std_anom,indian,8,none,0.5592,-0.054,0.037,0.3996
Somalia:SON,gcm_mos_sst,cca,0,std_anom,indian,8,none,0.6637,0.0977,0.3447,0.4626
Somalia:SON,obs_sst_field,cca,0,std_anom,pacific,4,none,0.6431,0.0758,0.4136,0.4471
Somalia:SON,gcm_mos_sst,cca,0,std_anom,pacific,4,none,0.6333,0.0695,0.398,0.4496
Somalia:SON,obs_sst_field,cca,0,std_anom,pacific,8,none,0.6642,0.1004,0.395,0.4852
Somalia:SON,gcm_mos_sst,cca,0,std_anom,pacific,8,none,0.6299,0.0609,0.3665,0.4396
Somalia:SON,gcm_mos_precip,cca,0,std_anom,region,4,none,0.6809,0.1418,0.5016,0.4681
Somalia:SON,gcm_mos_precip,cca,0,std_anom,region,8,none,0.6757,0.134,0.4999,0.468
Somalia:SON,gcm_mos_precip,qm,0,std_anom,region,0,none,0.7367,0.2049,0.5658,0.3703
Somalia:SON,obs_index,regression,0,std_anom,nino34,0,none,0.5903,0.0154,0.2588,0.3862
Somalia:SON,gcm_index,regression,0,std_anom,nino34,0,none,0.6376,0.079,0.3599,0.4382
Somalia:SON,obs_index,regression,0,std_anom,iod,0,none,0.5931,0.0266,0.2011,0.4282
Somalia:SON,gcm_index,regression,0,std_anom,iod,0,none,0.7098,0.1955,0.4909,0.5058
Somalia:SON,obs_index,regression,0,std_anom,wpg,0,none,0.6438,0.0752,0.3308,0.4432
Somalia:SON,gcm_index,regression,0,std_anom,wpg,0,none,0.654,0.1013,0.4205,0.467
Somalia:SON,obs_index,regression,0,std_anom,wvg,0,none,0.5961,0.0004,0.2347,0.3865
Somalia:SON,gcm_index,regression,0,std_anom,wvg,0,none,0.6544,0.1033,0.4435,0.4709
Somalia:SON,obs_index,regression,0,std_anom,iwhg,0,none,0.6487,0.0933,0.3399,0.4815
Somalia:SON,gcm_index,regression,0,std_anom,iwhg,0,none,0.7111,0.2007,0.5085,0.5125
Somalia:SON,persistence,regression,0,std_anom,region,0,none,0.4195,-0.1593,-0.2563,0.2665
Somalia:SON,obs_sst_field,cca,0,raw,indo_pacific,4,none,0.6693,0.1128,0.4692,0.4874
Somalia:SON,gcm_mos_sst,cca,0,raw,indo_pacific,4,none,0.6426,0.0834,0.4532,0.4485
Somalia:SON,obs_sst_field,cca,0,raw,indo_pacific,8,none,0.6577,0.0874,0.3932,0.4917
Somalia:SON,gcm_mos_sst,cca,0,raw,indo_pacific,8,none,0.6335,0.0591,0.4404,0.4398
Somalia:SON,obs_sst_field,cca,0,raw,indian,4,none,0.5608,-0.0595,-0.0215,0.3946
Somalia:SON,gcm_mos_sst,cca,0,raw,indian,4,none,0.6776,0.1271,0.4869,0.484
Somalia:SON,obs_sst_field,cca,0,raw,indian,8,none,0.5602,-0.0682,0.0121,0.3949
Somalia:SON,gcm_mos_sst,cca,0,raw,indian,8,none,0.6587,0.0982,0.4679,0.463
Somalia:SON,obs_sst_field,cca,0,raw,pacific,4,none,0.651,0.0782,0.47,0.4646
Somalia:SON,gcm_mos_sst,cca,0,raw,pacific,4,none,0.6209,0.0535,0.4462,0.4472
Somalia:SON,obs_sst_field,cca,0,raw,pacific,8,none,0.668,0.1085,0.4741,0.4824
Somalia:SON,gcm_mos_sst,cca,0,raw,pacific,8,none,0.6311,0.0617,0.4744,0.4384
Somalia:SON,gcm_mos_precip,cca,0,raw,region,4,none,0.6876,0.141,0.6218,0.486
Somalia:SON,gcm_mos_precip,cca,0,raw,region,8,none,0.6786,0.1306,0.6409,0.4718
Somalia:SON,gcm_mos_precip,qm,0,raw,region,0,none,0.7437,0.3674,0.6048,0.4021
Somalia:SON,obs_index,regression,0,raw,nino34,0,none,0.5903,0.0154,0.3488,0.3862
Somalia:SON,gcm_index,regression,0,raw,nino34,0,none,0.6376,0.079,0.4308,0.4382
Somalia:SON,obs_index,regression,0,raw,iod,0,none,0.5931,0.0266,0.2566,0.4282
Somalia:SON,gcm_index,regression,0,raw,iod,0,none,0.7098,0.1955,0.6066,0.5058
Somalia:SON,obs_index,regression,0,raw,wpg,0,none,0.6438,0.0752,0.3976,0.4432
Somalia:SON,gcm_index,regression,0,raw,wpg,0,none,0.654,0.1013,0.4879,0.467
Somalia:SON,obs_index,regression,0,raw,wvg,0,none,0.5961,0.0004,0.3088,0.3865
Somalia:SON,gcm_index,regression,0,raw,wvg,0,none,0.6544,0.1033,0.523,0.4709
Somalia:SON,obs_index,regression,0,raw,iwhg,0,none,0.6487,0.0933,0.4072,0.4815
Somalia:SON,gcm_index,regression,0,raw,iwhg,0,none,0.7111,0.2007,0.6133,0.5125
Somalia:SON,persistence,regression,0,raw,region,0,none,0.4195,-0.1593,-0.2016,0.2665
Somalia:SON,obs_sst_field,cca,1,std_anom,indo_pacific,4,none,0.6158,0.0309,0.2886,0.4319
Somalia:SON,gcm_mos_sst,cca,1,std_anom,indo_pacific,4,none,0.6289,0.0546,0.3138,0.4201
Somalia:SON,obs_sst_field,cca,1,std_anom,indo_pacific,8,none,0.5998,-0.0098,0.1771,0.4233
Somalia:SON,gcm_mos_sst,cca,1,std_anom,indo_pacific,8,none,0.6347,0.058,0.2827,0.4376
Somalia:SON,obs_sst_field,cca,1,std_anom,indian,4,none,0.5406,-0.0543,0.011,0.3653
Somalia:SON,gcm_mos_sst,cca,1,std_anom,indian,4,none,0.6598,0.1042,0.3562,0.4802
Somalia:SON,obs_sst_field,cca,1,std_anom,indian,8,none,0.5149,-0.1001,-0.0461,0.3535
Somalia:SON,gcm_mos_sst,cca,1,std_anom,indian,8,none,0.6478,0.0852,0.3441,0.455
Somalia:SON,obs_sst_field,cca,1,std_anom,pacific,4,none,0.5743,-0.037,0.2261,0.3892
Somalia:SON,gcm_mos_sst,cca,1,std_anom,pacific,4,none,0.6341,0.0689,0.3595,0.4277
Somalia:SON,obs_sst_field,cca,1,std_anom,pacific,8,none,0.5993,0.0052,0.2314,0.4086
Somalia:SON,gcm_mos_sst,cca,1,std_anom,pacific,8,none,0.6329,0.053,0.294,0.4346
Somalia:SON,gcm_mos_precip,cca,1,std_anom,region,4,none,0.6041,0.0145,0.2422,0.4086
Somalia:SON,gcm_mos_precip,cca,1,std_anom,region,8,none,0.6096,0.0159,0.2338,0.4146
Somalia:SON,gcm_mos_precip,qm,1,std_anom,region,0,none,0.5677,-0.1262,0.2107,0.3467
Somalia:SON,obs_index,regression,1,std_anom,nino34,0,none,0.5277,-0.0616,0.0979,0.3387
Somalia:SON,gcm_index,regression,1,std_anom,nino34,0,none,0.6463,0.1006,0.3666,0.46
Somalia:SON,obs_index,regression,1,std_anom,iod,0,none,0.5173,-0.0507,-0.0015,0.347
Somalia:SON,gcm_index,regression,1,std_anom,iod,0,none,0.6663,0.1165,0.4255,0.4705
Somalia:SON,obs_index,regression,1,std_anom,wpg,0,none,0.5805,-0.0198,0.1404,0.4127
Somalia:SON,gcm_index,regression,1,std_anom,wpg,0,none,0.6883,0.165,0.4933,0.5065
Somalia:SON,obs_index,regression,1,std_anom,wvg,0,none,0.5078,-0.0973,-0.0211,0.3458
Somalia:SON,gcm_index,regression,1,std_anom,wvg,0,none,0.6772,0.1474,0.4725,0.4934
Somalia:SON,obs_index,regression,1,std_anom,iwhg,0,none,0.5799,-0.0137,0.1455,0.4387
Somalia:SON,gcm_index,regression,1,std_anom,iwhg,0,none,0.7043,0.1816,0.5152,0.4947
Somalia:SON,persistence,regression,1,std_anom,region,0,none,0.4787,-0.0681,-0.1466,0.3302
Somalia:SON,obs_sst_field,cca,1,raw,indo_pacific,4,none,0.584,-0.0116,0.3053,0.423
Somalia:SON,gcm_mos_sst,cca,1,raw,indo_pacific,4,none,0.6284,0.0618,0.4326,0.4252
Somalia:SON,obs_sst_field,cca,1,raw,indo_pacific,8,none,0.5954,-0.0054,0.2872,0.4263
Somalia:SON,gcm_mos_sst,cca,1,raw,indo_pacific,8,none,0.6306,0.0638,0.416,0.4366
Somalia:SON,obs_sst_field,cca,1,raw,indian,4,none,0.5396,-0.0551,-0.06,0.3688
Somalia:SON,gcm_mos_sst,cca,1,raw,indian,4,none,0.6737,0.1252,0.4958,0.4884
Somalia:SON,obs_sst_field,cca,1,raw,indian,8,none,0.5067,-0.1138,-0.1642,0.3432
Somalia:SON,gcm_mos_sst,cca,1,raw,indian,8,none,0.6617,0.1009,0.4591,0.4644
Somalia:SON,obs_sst_field,cca,1,raw,pacific,4,none,0.5855,-0.0148,0.3773,0.3969
Somalia:SON,gcm_mos_sst,cca,1,raw,pacific,4,none,0.6375,0.0775,0.4491,0.4399
Somalia:SON,obs_sst_field,cca,1,raw,pacific,8,none,0.5864,-0.0276,0.3501,0.4083
Somalia:SON,gcm_mos_sst,cca,1,raw,pacific,8,none,0.6303,0.0534,0.4185,0.4356
Somalia:SON,gcm_mos_precip,cca,1,raw,region,4,none,0.614,0.0148,0.4329,0.4158
Somalia:SON,gcm_mos_precip,cca,1,raw,region,8,none,0.6089,0.019,0.4168,0.4166
Somalia:SON,gcm_mos_precip,qm,1,raw,region,0,none,0.608,0.1501,0.3498,0.3646
Somalia:SON,obs_index,regression,1,raw,nino34,0,none,0.5277,-0.0616,0.1821,0.3387
Somalia:SON,gcm_index,regression,1,raw,nino34,0,none,0.6463,0.1006,0.437,0.46
Somalia:SON,obs_index,regression,1,raw,iod,0,none,0.5173,-0.0507,0.0783,0.347
Somalia:SON,gcm_index,regression,1,raw,iod,0,none,0.6663,0.1165,0.5496,0.4705
Somalia:SON,obs_index,regression,1,raw,wpg,0,none,0.5805,-0.0198,0.1889,0.4127
Somalia:SON,gcm_index,regression,1,raw,wpg,0,none,0.6883,0.165,0.5449,0.5065
Somalia:SON,obs_index,regression,1,raw,wvg,0,none,0.5078,-0.0973,0.0421,0.3458
Somalia:SON,gcm_index,regression,1,raw,wvg,0,none,0.6772,0.1474,0.5444,0.4934
Somalia:SON,obs_index,regression,1,raw,iwhg,0,none,0.5799,-0.0137,0.2188,0.4387
Somalia:SON,gcm_index,regression,1,raw,iwhg,0,none,0.7043,0.1816,0.6216,0.4947
Somalia:SON,persistence,regression,1,raw,region,0,none,0.4787,-0.0681,-0.178,0.3302
Somalia:SON,obs_sst_field,cca,2,std_anom,indo_pacific,4,none,0.5305,-0.0661,0.1081,0.3859
Somalia:SON,gcm_mos_sst,cca,2,std_anom,indo_pacific,4,none,0.6069,0.0352,0.2644,0.4178
Somalia:SON,obs_sst_field,cca,2,std_anom,indo_pacific,8,none,0.5527,-0.0625,0.0891,0.4135
Somalia:SON,gcm_mos_sst,cca,2,std_anom,indo_pacific,8,none,0.6198,0.0464,0.266,0.4322
Somalia:SON,obs_sst_field,cca,2,std_anom,indian,4,none,0.5299,-0.066,-0.0,0.3632
Somalia:SON,gcm_mos_sst,cca,2,std_anom,indian,4,none,0.6088,0.0372,0.2295,0.4416
Somalia:SON,obs_sst_field,cca,2,std_anom,indian,8,none,0.5108,-0.1036,-0.0469,0.3386
Somalia:SON,gcm_mos_sst,cca,2,std_anom,indian,8,none,0.6429,0.064,0.2971,0.4579
Somalia:SON,obs_sst_field,cca,2,std_anom,pacific,4,none,0.4965,-0.1311,-0.002,0.3442
Somalia:SON,gcm_mos_sst,cca,2,std_anom,pacific,4,none,0.6035,0.033,0.2622,0.4296
Somalia:SON,obs_sst_field,cca,2,std_anom,pacific,8,none,0.5384,-0.0757,0.0985,0.4009
Somalia:SON,gcm_mos_sst,cca,2,std_anom,pacific,8,none,0.617,0.05,0.2547,0.449
Somalia:SON,gcm_mos_precip,cca,2,std_anom,region,4,none,0.5631,-0.0251,0.2285,0.3812
Somalia:SON,gcm_mos_precip,cca,2,std_anom,region,8,none,0.5694,-0.021,0.2479,0.3784
Somalia:SON,gcm_mos_precip,qm,2,std_anom,region,0,none,0.512,-0.2391,0.0741,0.3379
Somalia:SON,obs_index,regression,2,std_anom,nino34,0,none,0.4166,-0.1187,-0.2841,0.2788
Somalia:SON,gcm_index,regression,2,std_anom,nino34,0,none,0.6427,0.0901,0.3365,0.473
Somalia:SON,obs_index,regression,2,std_anom,iod,0,none,0.4082,-0.1036,-0.3511,0.2829
Somalia:SON,gcm_index,regression,2,std_anom,iod,0,none,0.6255,0.0566,0.3291,0.4528
Somalia:SON,obs_index,regression,2,std_anom,wpg,0,none,0.438,-0.1429,-0.1968,0.2709
Somalia:SON,gcm_index,regression,2,std_anom,wpg,0,none,0.6737,0.1444,0.4636,0.4805
Somalia:SON,obs_index,regression,2,std_anom,wvg,0,none,0.3901,-0.1456,-0.4172,0.2512
Somalia:SON,gcm_index,regression,2,std_anom,wvg,0,none,0.6767,0.1429,0.4573,0.4998
Somalia:SON,obs_index,regression,2,std_anom,iwhg,0,none,0.4408,-0.1178,-0.1972,0.2931
Somalia:SON,gcm_index,regression,2,std_anom,iwhg,0,none,0.6772,0.1429,0.4604,0.4797
Somalia:SON,persistence,regression,2,std_anom,region,0,none,0.3966,-0.1553,-0.3415,0.241
Somalia:SON,obs_sst_field,cca,2,raw,indo_pacific,4,none,0.5428,-0.0613,0.1865,0.3756
Somalia:SON,gcm_mos_sst,cca,2,raw,indo_pacific,4,none,0.6216,0.0527,0.4066,0.4336
Somalia:SON,obs_sst_field,cca,2,raw,indo_pacific,8,none,0.5551,-0.0623,0.1707,0.4057
Somalia:SON,gcm_mos_sst,cca,2,raw,indo_pacific,8,none,0.6146,0.0474,0.3459,0.4378
Somalia:SON,obs_sst_field,cca,2,raw,indian,4,none,0.5075,-0.0951,-0.0864,0.3719
Somalia:SON,gcm_mos_sst,cca,2,raw,indian,4,none,0.6191,0.0613,0.3442,0.4398
Somalia:SON,obs_sst_field,cca,2,raw,indian,8,none,0.514,-0.0992,-0.1216,0.3565
Somalia:SON,gcm_mos_sst,cca,2,raw,indian,8,none,0.6413,0.0816,0.3543,0.4674
Somalia:SON,obs_sst_field,cca,2,raw,pacific,4,none,0.5462,-0.0709,0.2432,0.3685
Somalia:SON,gcm_mos_sst,cca,2,raw,pacific,4,none,0.6076,0.0353,0.3526,0.4225
Somalia:SON,obs_sst_field,cca,2,raw,pacific,8,none,0.5575,-0.0525,0.2222,0.4019
Somalia:SON,gcm_mos_sst,cca,2,raw,pacific,8,none,0.6255,0.0445,0.3507,0.4572
Somalia:SON,gcm_mos_precip,cca,2,raw,region,4,none,0.5672,-0.0169,0.3217,0.3856
Somalia:SON,gcm_mos_precip,cca,2,raw,region,8,none,0.5609,-0.0225,0.3092,0.3815
Somalia:SON,gcm_mos_precip,qm,2,raw,region,0,none,0.537,0.0178,0.1617,0.3464
Somalia:SON,obs_index,regression,2,raw,nino34,0,none,0.4166,-0.1187,-0.2229,0.2788
Somalia:SON,gcm_index,regression,2,raw,nino34,0,none,0.6427,0.0901,0.4059,0.473
Somalia:SON,obs_index,regression,2,raw,iod,0,none,0.4082,-0.1036,-0.2148,0.2829
Somalia:SON,gcm_index,regression,2,raw,iod,0,none,0.6255,0.0566,0.4322,0.4528
Somalia:SON,obs_index,regression,2,raw,wpg,0,none,0.438,-0.1429,-0.184,0.2709
Somalia:SON,gcm_index,regression,2,raw,wpg,0,none,0.6737,0.1444,0.5087,0.4805
Somalia:SON,obs_index,regression,2,raw,wvg,0,none,0.3901,-0.1456,-0.386,0.2512
Somalia:SON,gcm_index,regression,2,raw,wvg,0,none,0.6767,0.1429,0.5218,0.4998
Somalia:SON,obs_index,regression,2,raw,iwhg,0,none,0.4408,-0.1178,-0.1075,0.2931
Somalia:SON,gcm_index,regression,2,raw,iwhg,0,none,0.6772,0.1429,0.5543,0.4797
Somalia:SON,persistence,regression,2,raw,region,0,none,0.3966,-0.1553,-0.3221,0.241
Somalia:SON,obs_sst_field,cca,3,std_anom,indo_pacific,4,none,0.5359,-0.0591,0.1084,0.3616
Somalia:SON,gcm_mos_sst,cca,3,std_anom,indo_pacific,4,none,0.6036,0.0355,0.3031,0.424
Somalia:SON,obs_sst_field,cca,3,std_anom,indo_pacific,8,none,0.5442,-0.0582,0.1064,0.3768
Somalia:SON,gcm_mos_sst,cca,3,std_anom,indo_pacific,8,none,0.6285,0.0559,0.3133,0.4519
Somalia:SON,obs_sst_field,cca,3,std_anom,indian,4,none,0.5591,-0.0343,0.1123,0.3902
Somalia:SON,gcm_mos_sst,cca,3,std_anom,indian,4,none,0.6268,0.06,0.2958,0.4421
Somalia:SON,obs_sst_field,cca,3,std_anom,indian,8,none,0.5215,-0.0745,0.0705,0.3607
Somalia:SON,gcm_mos_sst,cca,3,std_anom,indian,8,none,0.6316,0.0504,0.282,0.4452
Somalia:SON,obs_sst_field,cca,3,std_anom,pacific,4,none,0.5405,-0.0668,0.1071,0.3616
Somalia:SON,gcm_mos_sst,cca,3,std_anom,pacific,4,none,0.5972,0.024,0.3146,0.4177
Somalia:SON,obs_sst_field,cca,3,std_anom,pacific,8,none,0.5613,-0.0458,0.1237,0.4036
Somalia:SON,gcm_mos_sst,cca,3,std_anom,pacific,8,none,0.6091,0.0298,0.2775,0.4395
Somalia:SON,gcm_mos_precip,cca,3,std_anom,region,4,none,0.6265,0.0593,0.3254,0.4384
Somalia:SON,gcm_mos_precip,cca,3,std_anom,region,8,none,0.6144,0.0387,0.2807,0.4286
Somalia:SON,gcm_mos_precip,qm,3,std_anom,region,0,none,0.4824,-0.304,-0.0121,0.3283
Somalia:SON,obs_index,regression,3,std_anom,nino34,0,none,0.4422,-0.0836,-0.3148,0.3019
Somalia:SON,gcm_index,regression,3,std_anom,nino34,0,none,0.6616,0.1227,0.4043,0.5037
Somalia:SON,obs_index,regression,3,std_anom,iod,0,none,0.4015,-0.1058,-0.411,0.2813
Somalia:SON,gcm_index,regression,3,std_anom,iod,0,none,0.6256,0.0552,0.3193,0.4563
Somalia:SON,obs_index,regression,3,std_anom,wpg,0,none,0.3676,-0.1446,-0.519,0.2574
Somalia:SON,gcm_index,regression,3,std_anom,wpg,0,none,0.6297,0.0721,0.3845,0.4684
Somalia:SON,obs_index,regression,3,std_anom,wvg,0,none,0.4168,-0.0978,-0.4823,0.2876
Somalia:SON,gcm_index,regression,3,std_anom,wvg,0,none,0.674,0.1409,0.4734,0.4991
Somalia:SON,obs_index,regression,3,std_anom,iwhg,0,none,0.3675,-0.1383,-0.5387,0.2365
Somalia:SON,gcm_index,regression,3,std_anom,iwhg,0,none,0.6642,0.1215,0.4415,0.4705
Somalia:SON,persistence,regression,3,std_anom,region,0,none,0.3952,-0.1468,-0.3573,0.2488
Somalia:SON,obs_sst_field,cca,3,raw,indo_pacific,4,none,0.526,-0.072,0.2044,0.3464
Somalia:SON,gcm_mos_sst,cca,3,raw,indo_pacific,4,none,0.6091,0.0423,0.458,0.4345
Somalia:SON,obs_sst_field,cca,3,raw,indo_pacific,8,none,0.5418,-0.0496,0.2134,0.3793
Somalia:SON,gcm_mos_sst,cca,3,raw,indo_pacific,8,none,0.6265,0.0625,0.4491,0.4539
Somalia:SON,obs_sst_field,cca,3,raw,indian,4,none,0.5477,-0.0401,0.0793,0.3768
Somalia:SON,gcm_mos_sst,cca,3,raw,indian,4,none,0.6426,0.0854,0.4235,0.4642
Somalia:SON,obs_sst_field,cca,3,raw,indian,8,none,0.5333,-0.0544,0.0354,0.3722
Somalia:SON,gcm_mos_sst,cca,3,raw,indian,8,none,0.6334,0.0587,0.3713,0.4531
Somalia:SON,obs_sst_field,cca,3,raw,pacific,4,none,0.5787,-0.0077,0.2938,0.4128
Somalia:SON,gcm_mos_sst,cca,3,raw,pacific,4,none,0.6119,0.0359,0.4887,0.4379
Somalia:SON,obs_sst_field,cca,3,raw,pacific,8,none,0.5553,-0.0372,0.2028,0.4041
Somalia:SON,gcm_mos_sst,cca,3,raw,pacific,8,none,0.612,0.0342,0.443,0.4407
Somalia:SON,gcm_mos_precip,cca,3,raw,region,4,none,0.6204,0.0501,0.439,0.4387
Somalia:SON,gcm_mos_precip,cca,3,raw,region,8,none,0.6164,0.0417,0.4533,0.4338
Somalia:SON,gcm_mos_precip,qm,3,raw,region,0,none,0.5183,-0.0297,0.1145,0.3344
Somalia:SON,obs_index,regression,3,raw,nino34,0,none,0.4422,-0.0836,-0.4178,0.3019
Somalia:SON,gcm_index,regression,3,raw,nino34,0,none,0.6616,0.1227,0.4758,0.5037
Somalia:SON,obs_index,regression,3,raw,iod,0,none,0.4015,-0.1058,-0.3259,0.2813
Somalia:SON,gcm_index,regression,3,raw,iod,0,none,0.6256,0.0552,0.4241,0.4563
Somalia:SON,obs_index,regression,3,raw,wpg,0,none,0.3676,-0.1446,-0.5582,0.2574
Somalia:SON,gcm_index,regression,3,raw,wpg,0,none,0.6297,0.0721,0.4215,0.4684
Somalia:SON,obs_index,regression,3,raw,wvg,0,none,0.4168,-0.0978,-0.6462,0.2876
Somalia:SON,gcm_index,regression,3,raw,wvg,0,none,0.674,0.1409,0.5317,0.4991
Somalia:SON,obs_index,regression,3,raw,iwhg,0,none,0.3675,-0.1383,-0.5109,0.2365
Somalia:SON,gcm_index,regression,3,raw,iwhg,0,none,0.6642,0.1215,0.5332,0.4705
Somalia:SON,persistence,regression,3,raw,region,0,none,0.3952,-0.1468,-0.4195,0.2488
Somalia:SON,obs_sst_field,cca,4,std_anom,indo_pacific,4,none,0.5433,-0.0461,0.0751,0.3658
Somalia:SON,gcm_mos_sst,cca,4,std_anom,indo_pacific,4,none,0.6187,0.0437,0.2751,0.4455
Somalia:SON,obs_sst_field,cca,4,std_anom,indo_pacific,8,none,0.5537,-0.0398,0.1418,0.38
Somalia:SON,gcm_mos_sst,cca,4,std_anom,indo_pacific,8,none,0.6,0.0091,0.2029,0.4214
Somalia:SON,obs_sst_field,cca,4,std_anom,indian,4,none,0.477,-0.1286,-0.0406,0.3498
Somalia:SON,gcm_mos_sst,cca,4,std_anom,indian,4,none,0.6286,0.0618,0.2634,0.473
Somalia:SON,obs_sst_field,cca,4,std_anom,indian,8,none,0.4876,-0.124,-0.0007,0.3381
Somalia:SON,gcm_mos_sst,cca,4,std_anom,indian,8,none,0.6339,0.0739,0.2851,0.4609
Somalia:SON,obs_sst_field,cca,4,std_anom,pacific,4,none,0.5745,-0.0305,0.1529,0.3963
Somalia:SON,gcm_mos_sst,cca,4,std_anom,pacific,4,none,0.6301,0.0706,0.3122,0.448
Somalia:SON,obs_sst_field,cca,4,std_anom,pacific,8,none,0.5623,-0.046,0.1425,0.3864
Somalia:SON,gcm_mos_sst,cca,4,std_anom,pacific,8,none,0.6065,0.0212,0.2347,0.4209
Somalia:SON,gcm_mos_precip,cca,4,std_anom,region,4,none,0.6497,0.0924,0.3482,0.465
Somalia:SON,gcm_mos_precip,cca,4,std_anom,region,8,none,0.6371,0.0719,0.3147,0.4478
Somalia:SON,gcm_mos_precip,qm,4,std_anom,region,0,none,0.4777,-0.2578,0.0249,0.3241
Somalia:SON,obs_index,regression,4,std_anom,nino34,0,none,0.5394,-0.0227,0.0373,0.4059
Somalia:SON,gcm_index,regression,4,std_anom,nino34,0,none,0.652,0.1052,0.3614,0.4815
Somalia:SON,obs_index,regression,4,std_anom,iod,0,none,0.3973,-0.1154,-0.4454,0.2797
Somalia:SON,gcm_index,regression,4,std_anom,iod,0,none,0.5602,-0.0203,0.1518,0.3594
Somalia:SON,obs_index,regression,4,std_anom,wpg,0,none,0.4241,-0.0962,-0.4886,0.2923
Somalia:SON,gcm_index,regression,4,std_anom,wpg,0,none,0.5844,-0.01,0.2212,0.4218
Somalia:SON,obs_index,regression,4,std_anom,wvg,0,none,0.5133,-0.046,-0.1259,0.3488
Somalia:SON,gcm_index,regression,4,std_anom,wvg,0,none,0.653,0.0978,0.402,0.4838
Somalia:SON,obs_index,regression,4,std_anom,iwhg,0,none,0.3817,-0.1184,-0.6322,0.2776
Somalia:SON,gcm_index,regression,4,std_anom,iwhg,0,none,0.6059,0.0302,0.2653,0.4055
Somalia:SON,persistence,regression,4,std_anom,region,0,none,0.4629,-0.1338,-0.1241,0.2795
Somalia:SON,obs_sst_field,cca,4,raw,indo_pacific,4,none,0.5417,-0.059,0.1162,0.3582
Somalia:SON,gcm_mos_sst,cca,4,raw,indo_pacific,4,none,0.6272,0.0582,0.3141,0.467
Somalia:SON,obs_sst_field,cca,4,raw,indo_pacific,8,none,0.5614,-0.0455,0.205,0.3738
Somalia:SON,gcm_mos_sst,cca,4,raw,indo_pacific,8,none,0.5984,0.0079,0.2488,0.4217
Somalia:SON,obs_sst_field,cca,4,raw,indian,4,none,0.5011,-0.099,0.0197,0.3738
Somalia:SON,gcm_mos_sst,cca,4,raw,indian,4,none,0.6476,0.0987,0.4007,0.4864
Somalia:SON,obs_sst_field,cca,4,raw,indian,8,none,0.4931,-0.1176,-0.0437,0.3389
Somalia:SON,gcm_mos_sst,cca,4,raw,indian,8,none,0.6373,0.0793,0.3619,0.4698
Somalia:SON,obs_sst_field,cca,4,raw,pacific,4,none,0.5576,-0.0489,0.1957,0.3782
Somalia:SON,gcm_mos_sst,cca,4,raw,pacific,4,none,0.6355,0.0614,0.3676,0.448
Somalia:SON,obs_sst_field,cca,4,raw,pacific,8,none,0.5781,-0.0289,0.2156,0.3925
Somalia:SON,gcm_mos_sst,cca,4,raw,pacific,8,none,0.6125,0.0172,0.3153,0.4214
Somalia:SON,gcm_mos_precip,cca,4,raw,region,4,none,0.6435,0.0802,0.3805,0.4566
Somalia:SON,gcm_mos_precip,cca,4,raw,region,8,none,0.6442,0.0644,0.3968,0.4471
Somalia:SON,gcm_mos_precip,qm,4,raw,region,0,none,0.4827,-0.0188,0.0962,0.3245
Somalia:SON,obs_index,regression,4,raw,nino34,0,none,0.5394,-0.0227,0.0184,0.4059
Somalia:SON,gcm_index,regression,4,raw,nino34,0,none,0.652,0.1052,0.422,0.4815
Somalia:SON,obs_index,regression,4,raw,iod,0,none,0.3973,-0.1154,-0.4534,0.2797
Somalia:SON,gcm_index,regression,4,raw,iod,0,none,0.5602,-0.0203,0.2406,0.3594
Somalia:SON,obs_index,regression,4,raw,wpg,0,none,0.4241,-0.0962,-0.6233,0.2923
Somalia:SON,gcm_index,regression,4,raw,wpg,0,none,0.5844,-0.01,0.2887,0.4218
Somalia:SON,obs_index,regression,4,raw,wvg,0,none,0.5133,-0.046,-0.1749,0.3488
Somalia:SON,gcm_index,regression,4,raw,wvg,0,none,0.653,0.0978,0.4596,0.4838
Somalia:SON,obs_index,regression,4,raw,iwhg,0,none,0.3817,-0.1184,-0.7879,0.2776
Somalia:SON,gcm_index,regression,4,raw,iwhg,0,none,0.6059,0.0302,0.3482,0.4055
Somalia:SON,persistence,regression,4,raw,region,0,none,0.4629,-0.1338,-0.1846,0.2795
