country,season,band,predictor,cv_corr,p_perm,q_bh
Nigeria,JJA,National,nino34,-0.47,0.6025,0.7166
Nigeria,JJA,National,atl3,0.288,0.0156,0.2016
Nigeria,JJA,National,tna,-0.834,0.976,0.9904
Nigeria,JJA,National,tsa,0.267,0.0254,0.2107
Nigeria,JJA,National,atl_grad,0.027,0.1436,0.4425
Nigeria,JJA,National,iod_dmi,0.24,0.0278,0.2107
Nigeria,JJA,National,wvg2,-0.091,0.2488,0.4884
Nigeria,JJA,National,wvg3,-0.141,0.3111,0.5091
Nigeria,JAS,National,nino34,-0.085,0.2484,0.4884
Nigeria,JAS,National,atl3,0.292,0.0148,0.2016
Nigeria,JAS,National,tna,-0.174,0.3545,0.5389
Nigeria,JAS,National,tsa,0.184,0.0462,0.2636
Nigeria,JAS,National,atl_grad,0.235,0.0272,0.2107
Nigeria,JAS,National,iod_dmi,-0.246,0.4081,0.5936
Nigeria,JAS,National,wvg2,0.014,0.158,0.4425
Nigeria,JAS,National,wvg3,0.0,0.1736,0.4425
Nigeria,JJAS,National,nino34,-0.395,0.5511,0.6961
Nigeria,JJAS,National,atl3,0.317,0.0126,0.2016
Nigeria,JJAS,National,tna,-0.892,0.9974,0.9974
Nigeria,JJAS,National,tsa,0.295,0.0156,0.2016
Nigeria,JJAS,National,atl_grad,0.053,0.133,0.4425
Nigeria,JJAS,National,iod_dmi,-0.136,0.2947,0.5014
Nigeria,JJAS,National,wvg2,0.003,0.1716,0.4425
Nigeria,JJAS,National,wvg3,-0.043,0.2128,0.4787
Nigeria,ASO,National,nino34,-0.038,0.207,0.4787
Nigeria,ASO,National,atl3,0.247,0.0224,0.2016
Nigeria,ASO,National,tna,-0.121,0.2913,0.5014
Nigeria,ASO,National,tsa,0.153,0.0576,0.2636
Nigeria,ASO,National,atl_grad,0.261,0.0212,0.2016
Nigeria,ASO,National,iod_dmi,-0.135,0.2959,0.5014
Nigeria,ASO,National,wvg2,-0.001,0.1694,0.4425
Nigeria,ASO,National,wvg3,0.002,0.1668,0.4425
Nigeria,AMJ,South,nino34,0.196,0.0458,0.2636
Nigeria,AMJ,South,atl3,-0.095,0.2513,0.4884
Nigeria,AMJ,South,tna,-0.462,0.6025,0.7166
Nigeria,AMJ,South,tsa,0.032,0.1406,0.4425
Nigeria,AMJ,South,atl_grad,-0.27,0.4323,0.6044
Nigeria,AMJ,South,iod_dmi,0.168,0.0546,0.2636
Nigeria,AMJ,South,wvg2,0.153,0.0586,0.2636
Nigeria,AMJ,South,wvg3,0.168,0.058,0.2636
Nigeria,JJA,South,nino34,-0.531,0.6623,0.7691
Nigeria,JJA,South,atl3,-0.078,0.2464,0.4884
Nigeria,JJA,South,tna,-0.651,0.7996,0.8593
Nigeria,JJA,South,tsa,-0.155,0.3411,0.5298
Nigeria,JJA,South,atl_grad,-0.115,0.2747,0.5008
Nigeria,JJA,South,iod_dmi,-0.047,0.2098,0.4787
Nigeria,JJA,South,wvg2,-0.599,0.7161,0.8071
Nigeria,JJA,South,wvg3,-0.57,0.6937,0.7928
Nigeria,JAS,South,nino34,-0.38,0.5453,0.6949
Nigeria,JAS,South,atl3,0.174,0.0556,0.2636
Nigeria,JAS,South,tna,-0.248,0.4207,0.6044
Nigeria,JAS,South,tsa,-0.114,0.2959,0.5014
Nigeria,JAS,South,atl_grad,0.013,0.165,0.4425
Nigeria,JAS,South,iod_dmi,-0.097,0.2609,0.4943
Nigeria,JAS,South,wvg2,-0.685,0.7974,0.8593
Nigeria,JAS,South,wvg3,-0.598,0.7175,0.8071
Nigeria,JJAS,South,nino34,-0.381,0.5357,0.6949
Nigeria,JJAS,South,atl3,-0.005,0.1752,0.4425
Nigeria,JJAS,South,tna,-0.651,0.7964,0.8593
Nigeria,JJAS,South,tsa,-0.07,0.2543,0.4884
Nigeria,JJAS,South,atl_grad,-0.131,0.2903,0.5014
Nigeria,JJAS,South,iod_dmi,-0.134,0.2925,0.5014
Nigeria,JJAS,South,wvg2,-0.39,0.5439,0.6949
Nigeria,JJAS,South,wvg3,-0.379,0.5321,0.6949
Nigeria,ASO,South,nino34,0.005,0.1654,0.4425
Nigeria,ASO,South,atl3,0.298,0.0166,0.2016
Nigeria,ASO,South,tna,-0.14,0.3105,0.5091
Nigeria,ASO,South,tsa,-0.041,0.2204,0.4882
Nigeria,ASO,South,atl_grad,0.126,0.0784,0.3135
Nigeria,ASO,South,iod_dmi,-0.206,0.3555,0.5389
Nigeria,ASO,South,wvg2,-0.257,0.4293,0.6044
Nigeria,ASO,South,wvg3,-0.174,0.3419,0.5298
Nigeria,SON,South,nino34,-0.305,0.4751,0.6394
Nigeria,SON,South,atl3,-0.158,0.3189,0.5103
Nigeria,SON,South,tna,-0.663,0.8266,0.8817
Nigeria,SON,South,tsa,-0.285,0.4735,0.6394
Nigeria,SON,South,atl_grad,-0.412,0.5787,0.7062
Nigeria,SON,South,iod_dmi,0.042,0.128,0.4425
Nigeria,SON,South,wvg2,-0.411,0.5669,0.7029
Nigeria,SON,South,wvg3,-0.287,0.4697,0.6394
Nigeria,JJA,Middle,nino34,-0.664,0.764,0.8529
Nigeria,JJA,Middle,atl3,0.362,0.0056,0.2016
Nigeria,JJA,Middle,tna,-0.893,0.996,0.9974
Nigeria,JJA,Middle,tsa,0.298,0.0164,0.2016
Nigeria,JJA,Middle,atl_grad,0.108,0.0922,0.3588
Nigeria,JJA,Middle,iod_dmi,0.265,0.0204,0.2016
Nigeria,JJA,Middle,wvg2,-0.149,0.3067,0.5091
Nigeria,JJA,Middle,wvg3,-0.206,0.3681,0.5512
Nigeria,JAS,Middle,nino34,-0.687,0.7866,0.8593
Nigeria,JAS,Middle,atl3,0.28,0.0172,0.2016
Nigeria,JAS,Middle,tna,-0.059,0.229,0.4884
Nigeria,JAS,Middle,tsa,0.261,0.0216,0.2016
Nigeria,JAS,Middle,atl_grad,0.362,0.0054,0.2016
Nigeria,JAS,Middle,iod_dmi,-0.432,0.5869,0.7102
Nigeria,JAS,Middle,wvg2,-0.196,0.3713,0.5512
Nigeria,JAS,Middle,wvg3,-0.239,0.3985,0.5856
Nigeria,JJAS,Middle,nino34,-0.857,0.954,0.9813
Nigeria,JJAS,Middle,atl3,0.37,0.0042,0.2016
Nigeria,JJAS,Middle,tna,-0.752,0.895,0.9272
Nigeria,JJAS,Middle,tsa,0.317,0.0096,0.2016
Nigeria,JJAS,Middle,atl_grad,0.172,0.0514,0.2636
Nigeria,JJAS,Middle,iod_dmi,-0.048,0.2076,0.4787
Nigeria,JJAS,Middle,wvg2,-0.103,0.2675,0.4943
Nigeria,JJAS,Middle,wvg3,-0.166,0.3421,0.5298
Nigeria,ASO,Middle,nino34,-0.683,0.7866,0.8593
Nigeria,ASO,Middle,atl3,0.162,0.0516,0.2636
Nigeria,ASO,Middle,tna,0.021,0.1468,0.4425
Nigeria,ASO,Middle,tsa,0.162,0.055,0.2636
Nigeria,ASO,Middle,atl_grad,0.346,0.0054,0.2016
Nigeria,ASO,Middle,iod_dmi,-0.107,0.2677,0.4943
Nigeria,ASO,Middle,wvg2,-0.348,0.5231,0.6949
Nigeria,ASO,Middle,wvg3,-0.39,0.5635,0.7029
Nigeria,JJA,North,nino34,-0.542,0.6679,0.7694
Nigeria,JJA,North,atl3,0.042,0.1366,0.4425
Nigeria,JJA,North,tna,-0.259,0.4285,0.6044
Nigeria,JJA,North,tsa,0.112,0.0978,0.361
Nigeria,JJA,North,atl_grad,-0.459,0.6197,0.7255
Nigeria,JJA,North,iod_dmi,-0.044,0.208,0.4787
Nigeria,JJA,North,wvg2,-0.003,0.1608,0.4425
Nigeria,JJA,North,wvg3,-0.092,0.2519,0.4884
Nigeria,JAS,North,nino34,0.086,0.0972,0.361
Nigeria,JAS,North,atl3,-0.038,0.2124,0.4787
Nigeria,JAS,North,tna,-0.73,0.8824,0.9208
Nigeria,JAS,North,tsa,-0.058,0.2366,0.4884
Nigeria,JAS,North,atl_grad,-0.077,0.2494,0.4884
Nigeria,JAS,North,iod_dmi,-0.749,0.8412,0.8907
Nigeria,JAS,North,wvg2,0.214,0.0296,0.2131
Nigeria,JAS,North,wvg3,0.169,0.0534,0.2636
Nigeria,JJAS,North,nino34,-0.42,0.5711,0.7029
Nigeria,JJAS,North,atl3,0.117,0.0784,0.3135
Nigeria,JJAS,North,tna,-0.44,0.6071,0.7166
Nigeria,JJAS,North,tsa,0.143,0.069,0.2922
Nigeria,JJAS,North,atl_grad,-0.263,0.4405,0.6099
Nigeria,JJAS,North,iod_dmi,-0.796,0.8684,0.9128
Nigeria,JJAS,North,wvg2,0.003,0.16,0.4425
Nigeria,JJAS,North,wvg3,-0.076,0.2372,0.4884
Nigeria,ASO,North,nino34,0.033,0.1456,0.4425
Nigeria,ASO,North,atl3,-0.154,0.3161,0.5103
Nigeria,ASO,North,tna,-0.827,0.9766,0.9904
Nigeria,ASO,North,tsa,0.01,0.1722,0.4425
Nigeria,ASO,North,atl_grad,-0.049,0.207,0.4787
Nigeria,ASO,North,iod_dmi,-0.389,0.5413,0.6949
Nigeria,ASO,North,wvg2,0.181,0.0492,0.2636
Nigeria,ASO,North,wvg3,0.146,0.0676,0.2922
Ethiopia,MAM,National,nino34,-0.231,0.3963,0.7007
Ethiopia,MAM,National,atl3,-0.536,0.6799,0.8261
Ethiopia,MAM,National,tna,-0.557,0.6737,0.8261
Ethiopia,MAM,National,tsa,-0.316,0.4917,0.7202
Ethiopia,MAM,National,atl_grad,-0.557,0.6871,0.8261
Ethiopia,MAM,National,iod_dmi,-0.001,0.1844,0.5639
Ethiopia,MAM,National,wvg2,-0.197,0.3565,0.6742
Ethiopia,MAM,National,wvg3,-0.177,0.3441,0.6742
Ethiopia,AMJ,National,nino34,-0.109,0.2791,0.6243
Ethiopia,AMJ,National,atl3,-0.764,0.8914,0.946
Ethiopia,AMJ,National,tna,-0.489,0.6327,0.8174
Ethiopia,AMJ,National,tsa,-0.532,0.6939,0.8261
Ethiopia,AMJ,National,atl_grad,-0.739,0.8506,0.9287
Ethiopia,AMJ,National,iod_dmi,-0.216,0.3893,0.6981
Ethiopia,AMJ,National,wvg2,-0.054,0.2154,0.5748
Ethiopia,AMJ,National,wvg3,-0.032,0.2032,0.5748
Ethiopia,JJA,National,nino34,-0.089,0.2494,0.6089
Ethiopia,JJA,National,atl3,-0.174,0.3471,0.6742
Ethiopia,JJA,National,tna,-0.161,0.3441,0.6742
Ethiopia,JJA,National,tsa,-0.002,0.1792,0.5639
Ethiopia,JJA,National,atl_grad,-0.845,0.9738,0.9869
Ethiopia,JJA,National,iod_dmi,-0.33,0.4879,0.7202
Ethiopia,JJA,National,wvg2,0.014,0.1586,0.5567
Ethiopia,JJA,National,wvg3,-0.006,0.174,0.5567
Ethiopia,JAS,National,nino34,0.322,0.0116,0.1586
Ethiopia,JAS,National,atl3,0.006,0.1626,0.5567
Ethiopia,JAS,National,tna,0.049,0.1334,0.5242
Ethiopia,JAS,National,tsa,0.126,0.087,0.4902
Ethiopia,JAS,National,atl_grad,-0.703,0.8414,0.9287
Ethiopia,JAS,National,iod_dmi,-0.403,0.5671,0.776
Ethiopia,JAS,National,wvg2,0.394,0.0036,0.0624
Ethiopia,JAS,National,wvg3,0.397,0.003,0.0567
Ethiopia,JJAS,National,nino34,-0.099,0.2585,0.6181
Ethiopia,JJAS,National,atl3,-0.051,0.2144,0.5748
Ethiopia,JJAS,National,tna,0.02,0.1564,0.5567
Ethiopia,JJAS,National,tsa,0.102,0.0928,0.4902
Ethiopia,JJAS,National,atl_grad,-0.805,0.9342,0.964
Ethiopia,JJAS,National,iod_dmi,-0.274,0.4427,0.7138
Ethiopia,JJAS,National,wvg2,0.076,0.1178,0.5228
Ethiopia,JJAS,National,wvg3,0.06,0.1274,0.5228
Ethiopia,ASO,National,nino34,-0.47,0.6101,0.7981
Ethiopia,ASO,National,atl3,-0.347,0.5111,0.7383
Ethiopia,ASO,National,tna,-0.199,0.3857,0.6981
Ethiopia,ASO,National,tsa,-0.731,0.9096,0.9528
Ethiopia,ASO,National,atl_grad,-0.272,0.4433,0.7138
Ethiopia,ASO,National,iod_dmi,0.095,0.0908,0.4902
Ethiopia,ASO,National,wvg2,-0.706,0.811,0.9182
Ethiopia,ASO,National,wvg3,-0.733,0.842,0.9287
Ethiopia,SON,National,nino34,0.281,0.0122,0.1586
Ethiopia,SON,National,atl3,-0.044,0.2208,0.5762
Ethiopia,SON,National,tna,-0.183,0.3549,0.6742
Ethiopia,SON,National,tsa,-0.412,0.6017,0.7971
Ethiopia,SON,National,atl_grad,0.037,0.1258,0.5228
Ethiopia,SON,National,iod_dmi,0.391,0.0018,0.0416
Ethiopia,SON,National,wvg2,0.159,0.0488,0.4412
Ethiopia,SON,National,wvg3,0.131,0.065,0.4902
Ethiopia,MAM,South,nino34,-0.302,0.4767,0.7202
Ethiopia,MAM,South,atl3,-0.492,0.6551,0.8261
Ethiopia,MAM,South,tna,-0.713,0.8106,0.9182
Ethiopia,MAM,South,tsa,-0.516,0.6649,0.8261
Ethiopia,MAM,South,atl_grad,-0.651,0.7588,0.8769
Ethiopia,MAM,South,iod_dmi,-0.041,0.2132,0.5748
Ethiopia,MAM,South,wvg2,-0.283,0.4537,0.7138
Ethiopia,MAM,South,wvg3,-0.25,0.4131,0.7043
Ethiopia,AMJ,South,nino34,-0.006,0.1728,0.5567
Ethiopia,AMJ,South,atl3,-0.603,0.7435,0.8688
Ethiopia,AMJ,South,tna,-0.823,0.9106,0.9528
Ethiopia,AMJ,South,tsa,-0.731,0.859,0.9287
Ethiopia,AMJ,South,atl_grad,-0.747,0.8496,0.9287
Ethiopia,AMJ,South,iod_dmi,-0.381,0.5539,0.7731
Ethiopia,AMJ,South,wvg2,0.038,0.1472,0.5466
Ethiopia,AMJ,South,wvg3,0.063,0.118,0.5228
Ethiopia,JJA,South,nino34,-0.898,0.9982,0.9982
Ethiopia,JJA,South,atl3,-0.57,0.6951,0.8261
Ethiopia,JJA,South,tna,-0.77,0.9362,0.964
Ethiopia,JJA,South,tsa,-0.278,0.4641,0.7138
Ethiopia,JJA,South,atl_grad,-0.297,0.4611,0.7138
Ethiopia,JJA,South,iod_dmi,-0.108,0.2775,0.6243
Ethiopia,JJA,South,wvg2,-0.867,0.9704,0.9869
Ethiopia,JJA,South,wvg3,-0.879,0.9822,0.9869
Ethiopia,JAS,South,nino34,0.058,0.1282,0.5228
Ethiopia,JAS,South,atl3,-0.801,0.961,0.9847
Ethiopia,JAS,South,tna,-0.097,0.2677,0.6216
Ethiopia,JAS,South,tsa,-0.334,0.5151,0.7389
Ethiopia,JAS,South,atl_grad,-0.412,0.5719,0.7775
Ethiopia,JAS,South,iod_dmi,-0.162,0.3319,0.6742
Ethiopia,JAS,South,wvg2,0.134,0.0726,0.4902
Ethiopia,JAS,South,wvg3,0.133,0.0708,0.4902
Ethiopia,JJAS,South,nino34,-0.425,0.5795,0.7776
Ethiopia,JJAS,South,atl3,-0.517,0.6729,0.8261
Ethiopia,JJAS,South,tna,-0.389,0.5571,0.7731
Ethiopia,JJAS,South,tsa,-0.244,0.4205,0.7111
Ethiopia,JJAS,South,atl_grad,-0.758,0.8706,0.9287
Ethiopia,JJAS,South,iod_dmi,-0.196,0.3553,0.6742
Ethiopia,JJAS,South,wvg2,-0.267,0.4279,0.7138
Ethiopia,JJAS,South,wvg3,-0.299,0.4629,0.7138
Ethiopia,ASO,South,nino34,0.172,0.0474,0.4412
Ethiopia,ASO,South,atl3,-0.041,0.2008,0.5748
Ethiopia,ASO,South,tna,-0.214,0.3787,0.6981
Ethiopia,ASO,South,tsa,-0.492,0.6667,0.8261
Ethiopia,ASO,South,atl_grad,-0.113,0.2907,0.6366
Ethiopia,ASO,South,iod_dmi,0.291,0.0152,0.1756
Ethiopia,ASO,South,wvg2,-0.063,0.2248,0.5762
Ethiopia,ASO,South,wvg3,-0.061,0.2272,0.5762
Ethiopia,SON,South,nino34,0.459,0.0002,0.0166
Ethiopia,SON,South,atl3,0.1,0.0884,0.4902
Ethiopia,SON,South,tna,-0.105,0.2689,0.6216
Ethiopia,SON,South,tsa,-0.221,0.4047,0.7015
Ethiopia,SON,South,atl_grad,0.171,0.0464,0.4412
Ethiopia,SON,South,iod_dmi,0.45,0.0004,0.0166
Ethiopia,SON,South,wvg2,0.338,0.0068,0.1088
Ethiopia,SON,South,wvg3,0.317,0.0098,0.1456
Ethiopia,OND,South,nino34,0.551,0.0004,0.0166
Ethiopia,OND,South,atl3,-0.003,0.1658,0.5567
Ethiopia,OND,South,tna,-0.357,0.5525,0.7731
Ethiopia,OND,South,tsa,-0.232,0.4109,0.7043
Ethiopia,OND,South,atl_grad,0.04,0.1236,0.5228
Ethiopia,OND,South,iod_dmi,0.561,0.0002,0.0166
Ethiopia,OND,South,wvg2,0.487,0.0008,0.0238
Ethiopia,OND,South,wvg3,0.473,0.0008,0.0238
Ethiopia,MAM,Central,nino34,-0.134,0.3057,0.6489
Ethiopia,MAM,Central,atl3,-0.478,0.6513,0.8261
Ethiopia,MAM,Central,tna,-0.429,0.5901,0.7868
Ethiopia,MAM,Central,tsa,-0.103,0.2687,0.6216
Ethiopia,MAM,Central,atl_grad,-0.432,0.5783,0.7776
Ethiopia,MAM,Central,iod_dmi,-0.011,0.184,0.5639
Ethiopia,MAM,Central,wvg2,-0.127,0.2977,0.6451
Ethiopia,MAM,Central,wvg3,-0.108,0.2847,0.6301
Ethiopia,AMJ,Central,nino34,-0.135,0.3011,0.6457
Ethiopia,AMJ,Central,atl3,-0.739,0.8616,0.9287
Ethiopia,AMJ,Central,tna,-0.246,0.4047,0.7015
Ethiopia,AMJ,Central,tsa,-0.297,0.4625,0.7138
Ethiopia,AMJ,Central,atl_grad,-0.75,0.862,0.9287
Ethiopia,AMJ,Central,iod_dmi,-0.318,0.4907,0.7202
Ethiopia,AMJ,Central,wvg2,-0.082,0.24,0.5966
Ethiopia,AMJ,Central,wvg3,-0.057,0.2252,0.5762
Ethiopia,JJA,Central,nino34,-0.411,0.5575,0.7731
Ethiopia,JJA,Central,atl3,-0.392,0.5643,0.776
Ethiopia,JJA,Central,tna,-0.205,0.3793,0.6981
Ethiopia,JJA,Central,tsa,-0.209,0.3975,0.7007
Ethiopia,JJA,Central,atl_grad,-0.802,0.9334,0.964
Ethiopia,JJA,Central,iod_dmi,-0.561,0.6873,0.8261
Ethiopia,JJA,Central,wvg2,-0.292,0.4529,0.7138
Ethiopia,JJA,Central,wvg3,-0.315,0.4667,0.7138
Ethiopia,JAS,Central,nino34,-0.031,0.1914,0.5686
Ethiopia,JAS,Central,atl3,-0.212,0.3783,0.6981
Ethiopia,JAS,Central,tna,0.114,0.0868,0.4902
Ethiopia,JAS,Central,tsa,-0.011,0.189,0.5686
Ethiopia,JAS,Central,atl_grad,-0.39,0.5475,0.7731
Ethiopia,JAS,Central,iod_dmi,-0.158,0.3123,0.6562
Ethiopia,JAS,Central,wvg2,0.09,0.0976,0.4902
Ethiopia,JAS,Central,wvg3,0.089,0.099,0.4902
Ethiopia,JJAS,Central,nino34,-0.467,0.6075,0.7981
Ethiopia,JJAS,Central,atl3,-0.175,0.3429,0.6742
Ethiopia,JJAS,Central,tna,0.074,0.1112,0.5228
Ethiopia,JJAS,Central,tsa,-0.004,0.17,0.5567
Ethiopia,JJAS,Central,atl_grad,-0.512,0.6587,0.8261
Ethiopia,JJAS,Central,iod_dmi,-0.287,0.4567,0.7138
Ethiopia,JJAS,Central,wvg2,-0.17,0.3305,0.6742
Ethiopia,JJAS,Central,wvg3,-0.18,0.3551,0.6742
Ethiopia,ASO,Central,nino34,-0.343,0.5041,0.7332
Ethiopia,ASO,Central,atl3,-0.297,0.4649,0.7138
Ethiopia,ASO,Central,tna,-0.288,0.4803,0.7202
Ethiopia,ASO,Central,tsa,-0.701,0.8698,0.9287
Ethiopia,ASO,Central,atl_grad,-0.27,0.4355,0.7138
Ethiopia,ASO,Central,iod_dmi,0.038,0.1376,0.5299
Ethiopia,ASO,Central,wvg2,-0.539,0.6791,0.8261
Ethiopia,ASO,Central,wvg3,-0.587,0.7067,0.8351
Ethiopia,SON,Central,nino34,0.12,0.0748,0.4902
Ethiopia,SON,Central,atl3,-0.101,0.2769,0.6243
Ethiopia,SON,Central,tna,-0.157,0.3327,0.6742
Ethiopia,SON,Central,tsa,-0.55,0.7123,0.837
Ethiopia,SON,Central,atl_grad,-0.001,0.172,0.5567
Ethiopia,SON,Central,iod_dmi,0.27,0.0142,0.1737
Ethiopia,SON,Central,wvg2,-0.04,0.2054,0.5748
Ethiopia,SON,Central,wvg3,-0.066,0.241,0.5966
Ethiopia,JJA,North,nino34,0.077,0.115,0.5228
Ethiopia,JJA,North,atl3,-0.04,0.2156,0.5748
Ethiopia,JJA,North,tna,0.031,0.1444,0.546
Ethiopia,JJA,North,tsa,0.046,0.1336,0.5242
Ethiopia,JJA,North,atl_grad,-0.654,0.7832,0.9001
Ethiopia,JJA,North,iod_dmi,-0.651,0.754,0.8762
Ethiopia,JJA,North,wvg2,0.19,0.0454,0.4412
Ethiopia,JJA,North,wvg3,0.172,0.0592,0.4902
Ethiopia,JAS,North,nino34,0.406,0.0024,0.0499
Ethiopia,JAS,North,atl3,0.168,0.053,0.4592
Ethiopia,JAS,North,tna,-0.09,0.2517,0.6089
Ethiopia,JAS,North,tsa,0.209,0.0416,0.4412
Ethiopia,JAS,North,atl_grad,-0.719,0.8596,0.9287
Ethiopia,JAS,North,iod_dmi,-0.753,0.853,0.9287
Ethiopia,JAS,North,wvg2,0.453,0.0012,0.0312
Ethiopia,JAS,North,wvg3,0.457,0.0004,0.0166
Ethiopia,JJAS,North,nino34,-0.033,0.2006,0.5748
Ethiopia,JJAS,North,atl3,0.075,0.123,0.5228
Ethiopia,JJAS,North,tna,-0.002,0.1714,0.5567
Ethiopia,JJAS,North,tsa,0.146,0.079,0.4902
Ethiopia,JJAS,North,atl_grad,-0.852,0.9818,0.9869
Ethiopia,JJAS,North,iod_dmi,-0.544,0.6679,0.8261
Ethiopia,JJAS,North,wvg2,0.133,0.0706,0.4902
Ethiopia,JJAS,North,wvg3,0.113,0.0872,0.4902
Ethiopia,ASO,North,nino34,0.105,0.0938,0.4902
Ethiopia,ASO,North,atl3,-0.317,0.4901,0.7202
Ethiopia,ASO,North,tna,-0.441,0.6157,0.8004
Ethiopia,ASO,North,tsa,-0.219,0.3875,0.6981
Ethiopia,ASO,North,atl_grad,-0.771,0.9116,0.9528
Ethiopia,ASO,North,iod_dmi,-0.731,0.8122,0.9182
Ethiopia,ASO,North,wvg2,0.099,0.0966,0.4902
Ethiopia,ASO,North,wvg3,0.122,0.0814,0.4902
Kenya,MAM,National,nino34,-0.236,0.4095,0.6763
Kenya,MAM,National,atl3,-0.318,0.4955,0.7341
Kenya,MAM,National,tna,-0.316,0.4921,0.7341
Kenya,MAM,National,tsa,-0.492,0.6589,0.8047
Kenya,MAM,National,atl_grad,-0.819,0.9148,0.9272
Kenya,MAM,National,iod_dmi,-0.027,0.1912,0.5014
Kenya,MAM,National,wvg2,-0.36,0.5273,0.7536
Kenya,MAM,National,wvg3,-0.292,0.4517,0.6968
Kenya,AMJ,National,nino34,0.198,0.0418,0.176
Kenya,AMJ,National,atl3,-0.728,0.8486,0.8992
Kenya,AMJ,National,tna,-0.25,0.4147,0.6763
Kenya,AMJ,National,tsa,-0.636,0.7708,0.8686
Kenya,AMJ,National,atl_grad,-0.165,0.3313,0.6465
Kenya,AMJ,National,iod_dmi,-0.783,0.9066,0.9272
Kenya,AMJ,National,wvg2,0.148,0.0616,0.2403
Kenya,AMJ,National,wvg3,0.173,0.0478,0.1961
Kenya,SON,National,nino34,0.394,0.0026,0.0208
Kenya,SON,National,atl3,-0.01,0.1746,0.4682
Kenya,SON,National,tna,-0.189,0.3615,0.6508
Kenya,SON,National,tsa,-0.395,0.5835,0.783
Kenya,SON,National,atl_grad,0.027,0.1408,0.4177
Kenya,SON,National,iod_dmi,0.432,0.0014,0.014
Kenya,SON,National,wvg2,0.29,0.0118,0.0674
Kenya,SON,National,wvg3,0.265,0.0186,0.0885
Kenya,OND,National,nino34,0.502,0.0006,0.0091
Kenya,OND,National,atl3,-0.059,0.2236,0.5212
Kenya,OND,National,tna,-0.613,0.7644,0.8686
Kenya,OND,National,tsa,-0.329,0.4877,0.7341
Kenya,OND,National,atl_grad,-0.243,0.4227,0.6763
Kenya,OND,National,iod_dmi,0.545,0.0002,0.0064
Kenya,OND,National,wvg2,0.464,0.0008,0.0091
Kenya,OND,National,wvg3,0.445,0.0016,0.0151
Kenya,MAM,South,nino34,-0.588,0.7279,0.8626
Kenya,MAM,South,atl3,-0.158,0.3291,0.6465
Kenya,MAM,South,tna,-0.327,0.5067,0.737
Kenya,MAM,South,tsa,-0.443,0.6033,0.7858
Kenya,MAM,South,atl_grad,-0.788,0.8856,0.9201
Kenya,MAM,South,iod_dmi,-0.029,0.195,0.5031
Kenya,MAM,South,wvg2,-0.83,0.905,0.9272
Kenya,MAM,South,wvg3,-0.739,0.8142,0.8803
Kenya,AMJ,South,nino34,0.215,0.0368,0.1591
Kenya,AMJ,South,atl3,-0.722,0.8432,0.8992
Kenya,AMJ,South,tna,-0.248,0.4175,0.6763
Kenya,AMJ,South,tsa,-0.647,0.7686,0.8686
Kenya,AMJ,South,atl_grad,-0.168,0.3481,0.6508
Kenya,AMJ,South,iod_dmi,-0.663,0.7948,0.8763
Kenya,AMJ,South,wvg2,0.146,0.0652,0.2483
Kenya,AMJ,South,wvg3,0.158,0.0554,0.2216
Kenya,SON,South,nino34,0.392,0.0034,0.0236
Kenya,SON,South,atl3,-0.009,0.1742,0.4682
Kenya,SON,South,tna,-0.392,0.5769,0.7822
Kenya,SON,South,tsa,-0.495,0.6707,0.8129
Kenya,SON,South,atl_grad,-0.139,0.3001,0.6079
Kenya,SON,South,iod_dmi,0.39,0.0032,0.0233
Kenya,SON,South,wvg2,0.279,0.014,0.0747
Kenya,SON,South,wvg3,0.266,0.0176,0.0885
Kenya,OND,South,nino34,0.484,0.0004,0.008
Kenya,OND,South,atl3,-0.012,0.1756,0.4682
Kenya,OND,South,tna,-0.584,0.7373,0.8638
Kenya,OND,South,tsa,-0.361,0.5431,0.7556
Kenya,OND,South,atl_grad,-0.446,0.6107,0.7858
Kenya,OND,South,iod_dmi,0.505,0.0002,0.0064
Kenya,OND,South,wvg2,0.438,0.0022,0.0196
Kenya,OND,South,wvg3,0.424,0.0024,0.0202
Kenya,MAM,Central,nino34,-0.159,0.3305,0.6465
Kenya,MAM,Central,atl3,-0.395,0.5651,0.7728
Kenya,MAM,Central,tna,-0.287,0.4529,0.6968
Kenya,MAM,Central,tsa,-0.474,0.6389,0.7986
Kenya,MAM,Central,atl_grad,-0.813,0.9156,0.9272
Kenya,MAM,Central,iod_dmi,-0.035,0.2034,0.5165
Kenya,MAM,Central,wvg2,-0.244,0.4153,0.6763
Kenya,MAM,Central,wvg3,-0.199,0.3693,0.6508
Kenya,AMJ,Central,nino34,0.126,0.0684,0.2545
Kenya,AMJ,Central,atl3,-0.708,0.8362,0.898
Kenya,AMJ,Central,tna,-0.314,0.4947,0.7341
Kenya,AMJ,Central,tsa,-0.691,0.814,0.8803
Kenya,AMJ,Central,atl_grad,-0.269,0.4477,0.6968
Kenya,AMJ,Central,iod_dmi,-0.673,0.7996,0.8763
Kenya,AMJ,Central,wvg2,0.086,0.0992,0.3174
Kenya,AMJ,Central,wvg3,0.111,0.0856,0.2977
Kenya,JJA,Central,nino34,-0.518,0.6513,0.8016
Kenya,JJA,Central,atl3,-0.378,0.5429,0.7556
Kenya,JJA,Central,tna,-0.542,0.7059,0.8428
Kenya,JJA,Central,tsa,-0.224,0.3945,0.6763
Kenya,JJA,Central,atl_grad,-0.632,0.755,0.8686
Kenya,JJA,Central,iod_dmi,0.025,0.1608,0.4677
Kenya,JJA,Central,wvg2,-0.454,0.6069,0.7858
Kenya,JJA,Central,wvg3,-0.445,0.5945,0.7858
Kenya,JAS,Central,nino34,0.259,0.0202,0.0923
Kenya,JAS,Central,atl3,-0.09,0.2446,0.5434
Kenya,JAS,Central,tna,0.088,0.0968,0.316
Kenya,JAS,Central,tsa,0.1,0.0958,0.316
Kenya,JAS,Central,atl_grad,-0.488,0.6353,0.7986
Kenya,JAS,Central,iod_dmi,-0.127,0.2859,0.5968
Kenya,JAS,Central,wvg2,0.354,0.0072,0.0443
Kenya,JAS,Central,wvg3,0.368,0.0036,0.024
Kenya,JJAS,Central,nino34,-0.198,0.3691,0.6508
Kenya,JJAS,Central,atl3,-0.127,0.2905,0.5968
Kenya,JJAS,Central,tna,-0.071,0.24,0.5407
Kenya,JJAS,Central,tsa,0.037,0.141,0.4177
Kenya,JJAS,Central,atl_grad,-0.819,0.9398,0.9457
Kenya,JJAS,Central,iod_dmi,-0.009,0.171,0.4682
Kenya,JJAS,Central,wvg2,-0.052,0.2138,0.5212
Kenya,JJAS,Central,wvg3,-0.052,0.2212,0.5212
Kenya,ASO,Central,nino34,-0.108,0.2705,0.5906
Kenya,ASO,Central,atl3,-0.245,0.4219,0.6763
Kenya,ASO,Central,tna,-0.063,0.2334,0.5334
Kenya,ASO,Central,tsa,-0.699,0.8714,0.9132
Kenya,ASO,Central,atl_grad,-0.197,0.3701,0.6508
Kenya,ASO,Central,iod_dmi,0.332,0.0082,0.0486
Kenya,ASO,Central,wvg2,-0.42,0.5873,0.783
Kenya,ASO,Central,wvg3,-0.487,0.6467,0.8016
Kenya,SON,Central,nino34,0.364,0.0044,0.0282
Kenya,SON,Central,atl3,-0.048,0.2172,0.5212
Kenya,SON,Central,tna,-0.189,0.3679,0.6508
Kenya,SON,Central,tsa,-0.36,0.5411,0.7556
Kenya,SON,Central,atl_grad,0.043,0.1224,0.3765
Kenya,SON,Central,iod_dmi,0.404,0.001,0.0107
Kenya,SON,Central,wvg2,0.265,0.018,0.0885
Kenya,SON,Central,wvg3,0.24,0.0232,0.1031
Kenya,OND,Central,nino34,0.489,0.0002,0.0064
Kenya,OND,Central,atl3,-0.106,0.2731,0.5906
Kenya,OND,Central,tna,-0.629,0.7898,0.8763
Kenya,OND,Central,tsa,-0.249,0.4351,0.6893
Kenya,OND,Central,atl_grad,-0.239,0.4183,0.6763
Kenya,OND,Central,iod_dmi,0.518,0.0002,0.0064
Kenya,OND,Central,wvg2,0.466,0.0004,0.008
Kenya,OND,Central,wvg3,0.445,0.0008,0.0091
Kenya,MAM,North,nino34,-0.174,0.3403,0.6508
Kenya,MAM,North,atl3,-0.545,0.6977,0.8393
Kenya,MAM,North,tna,-0.465,0.6139,0.7858
Kenya,MAM,North,tsa,-0.68,0.7982,0.8763
Kenya,MAM,North,atl_grad,-0.778,0.8732,0.9132
Kenya,MAM,North,iod_dmi,-0.134,0.2899,0.5968
Kenya,MAM,North,wvg2,-0.255,0.4187,0.6763
Kenya,MAM,North,wvg3,-0.199,0.3603,0.6508
Kenya,AMJ,North,nino34,0.11,0.0838,0.2977
Kenya,AMJ,North,atl3,-0.6,0.7397,0.8638
Kenya,AMJ,North,tna,-0.335,0.5041,0.737
Kenya,AMJ,North,tsa,-0.628,0.768,0.8686
Kenya,AMJ,North,atl_grad,-0.174,0.3455,0.6508
Kenya,AMJ,North,iod_dmi,-0.832,0.9668,0.9668
Kenya,AMJ,North,wvg2,0.066,0.1132,0.3551
Kenya,AMJ,North,wvg3,0.101,0.088,0.2995
Kenya,SON,North,nino34,0.387,0.0028,0.0213
Kenya,SON,North,atl3,0.003,0.166,0.4682
Kenya,SON,North,tna,-0.053,0.2154,0.5212
Kenya,SON,North,tsa,-0.379,0.5547,0.7651
Kenya,SON,North,atl_grad,0.116,0.0748,0.2719
Kenya,SON,North,iod_dmi,0.454,0.0006,0.0091
Kenya,SON,North,wvg2,0.291,0.0138,0.0747
Kenya,SON,North,wvg3,0.256,0.0188,0.0885
Kenya,OND,North,nino34,0.49,0.0008,0.0091
Kenya,OND,North,atl3,-0.125,0.2909,0.5968
Kenya,OND,North,tna,-0.35,0.5275,0.7536
Kenya,OND,North,tsa,-0.449,0.6201,0.7874
Kenya,OND,North,atl_grad,-0.062,0.2248,0.5212
Kenya,OND,North,iod_dmi,0.574,0.0002,0.0064
Kenya,OND,North,wvg2,0.448,0.0008,0.0091
Kenya,OND,North,wvg3,0.424,0.0004,0.008
