country,season,band,predictor,cv_corr_dt,p_perm_dt,q_bh_dt
Nigeria,JJA,National,nino34,-0.699,0.7852,0.9119
Nigeria,JJA,National,atl3,0.164,0.0632,0.4136
Nigeria,JJA,National,tna,-0.48,0.6437,0.8345
Nigeria,JJA,National,tsa,0.13,0.0832,0.4143
Nigeria,JJA,National,atl_grad,0.042,0.1298,0.4695
Nigeria,JJA,National,iod_dmi,0.267,0.0196,0.3647
Nigeria,JJA,National,wvg2,-0.463,0.5959,0.8052
Nigeria,JJA,National,wvg3,-0.574,0.6867,0.8451
Nigeria,JAS,National,nino34,-0.176,0.3365,0.6461
Nigeria,JAS,National,atl3,0.236,0.0276,0.3647
Nigeria,JAS,National,tna,0.028,0.1468,0.4695
Nigeria,JAS,National,tsa,0.123,0.0774,0.4143
Nigeria,JAS,National,atl_grad,0.246,0.024,0.3647
Nigeria,JAS,National,iod_dmi,-0.207,0.3669,0.6595
Nigeria,JAS,National,wvg2,-0.187,0.3723,0.6595
Nigeria,JAS,National,wvg3,-0.215,0.3859,0.6606
Nigeria,JJAS,National,nino34,-0.672,0.7766,0.9092
Nigeria,JJAS,National,atl3,0.174,0.0516,0.3647
Nigeria,JJAS,National,tna,-0.34,0.5127,0.7837
Nigeria,JJAS,National,tsa,0.143,0.0708,0.4143
Nigeria,JJAS,National,atl_grad,0.064,0.1242,0.4695
Nigeria,JJAS,National,iod_dmi,-0.096,0.2595,0.5751
Nigeria,JJAS,National,wvg2,-0.417,0.5669,0.8016
Nigeria,JJAS,National,wvg3,-0.525,0.6629,0.8345
Nigeria,ASO,National,nino34,-0.082,0.2529,0.5751
Nigeria,ASO,National,atl3,0.196,0.0416,0.3647
Nigeria,ASO,National,tna,0.105,0.0948,0.4143
Nigeria,ASO,National,tsa,0.092,0.1034,0.4143
Nigeria,ASO,National,atl_grad,0.277,0.017,0.3647
Nigeria,ASO,National,iod_dmi,-0.101,0.2629,0.5751
Nigeria,ASO,National,wvg2,-0.195,0.3679,0.6595
Nigeria,ASO,National,wvg3,-0.19,0.3615,0.6595
Nigeria,AMJ,South,nino34,0.201,0.045,0.3647
Nigeria,AMJ,South,atl3,-0.014,0.1738,0.4721
Nigeria,AMJ,South,tna,-0.528,0.6665,0.8345
Nigeria,AMJ,South,tsa,0.117,0.0864,0.4143
Nigeria,AMJ,South,atl_grad,-0.259,0.4181,0.6842
Nigeria,AMJ,South,iod_dmi,0.167,0.0532,0.3647
Nigeria,AMJ,South,wvg2,0.179,0.0476,0.3647
Nigeria,AMJ,South,wvg3,0.189,0.0468,0.3647
Nigeria,JJA,South,nino34,-0.522,0.6559,0.8345
Nigeria,JJA,South,atl3,-0.02,0.1902,0.489
Nigeria,JJA,South,tna,-0.731,0.9042,0.9549
Nigeria,JJA,South,tsa,-0.046,0.2198,0.5274
Nigeria,JJA,South,atl_grad,-0.113,0.2759,0.5751
Nigeria,JJA,South,iod_dmi,-0.046,0.2086,0.5178
Nigeria,JJA,South,wvg2,-0.576,0.6993,0.8533
Nigeria,JJA,South,wvg3,-0.55,0.6773,0.8407
Nigeria,JAS,South,nino34,-0.315,0.4893,0.7659
Nigeria,JAS,South,atl3,0.241,0.0312,0.3647
Nigeria,JAS,South,tna,-0.471,0.6349,0.8345
Nigeria,JAS,South,tsa,0.119,0.0866,0.4143
Nigeria,JAS,South,atl_grad,0.009,0.1682,0.4701
Nigeria,JAS,South,iod_dmi,-0.112,0.2795,0.5751
Nigeria,JAS,South,wvg2,-0.526,0.6617,0.8345
Nigeria,JAS,South,wvg3,-0.425,0.5797,0.8016
Nigeria,JJAS,South,nino34,-0.392,0.5421,0.79
Nigeria,JJAS,South,atl3,0.039,0.1348,0.4695
Nigeria,JJAS,South,tna,-0.689,0.8476,0.9549
Nigeria,JJAS,South,tsa,0.021,0.1582,0.4695
Nigeria,JJAS,South,atl_grad,-0.127,0.2869,0.5819
Nigeria,JJAS,South,iod_dmi,-0.133,0.2909,0.5819
Nigeria,JJAS,South,wvg2,-0.419,0.5739,0.8016
Nigeria,JJAS,South,wvg3,-0.406,0.5515,0.7941
Nigeria,ASO,South,nino34,0.017,0.1554,0.4695
Nigeria,ASO,South,atl3,0.329,0.0098,0.3647
Nigeria,ASO,South,tna,-0.165,0.3357,0.6461
Nigeria,ASO,South,tsa,0.134,0.0756,0.4143
Nigeria,ASO,South,atl_grad,0.121,0.0822,0.4143
Nigeria,ASO,South,iod_dmi,-0.223,0.3705,0.6595
Nigeria,ASO,South,wvg2,-0.185,0.3585,0.6595
Nigeria,ASO,South,wvg3,-0.097,0.2693,0.5751
Nigeria,SON,South,nino34,-0.363,0.5335,0.79
Nigeria,SON,South,atl3,-0.321,0.4803,0.76
Nigeria,SON,South,tna,-0.218,0.3893,0.6606
Nigeria,SON,South,tsa,-0.806,0.9104,0.9549
Nigeria,SON,South,atl_grad,-0.338,0.5103,0.7837
Nigeria,SON,South,iod_dmi,0.023,0.1438,0.4695
Nigeria,SON,South,wvg2,-0.779,0.9002,0.9549
Nigeria,SON,South,wvg3,-0.63,0.7708,0.9092
Nigeria,JJA,Middle,nino34,-0.878,0.9838,0.9846
Nigeria,JJA,Middle,atl3,0.225,0.032,0.3647
Nigeria,JJA,Middle,tna,-0.22,0.3941,0.6606
Nigeria,JJA,Middle,tsa,0.103,0.0934,0.4143
Nigeria,JJA,Middle,atl_grad,0.132,0.0808,0.4143
Nigeria,JJA,Middle,iod_dmi,0.296,0.0158,0.3647
Nigeria,JJA,Middle,wvg2,-0.639,0.7483,0.8979
Nigeria,JJA,Middle,wvg3,-0.768,0.8552,0.9549
Nigeria,JAS,Middle,nino34,-0.818,0.9284,0.9549
Nigeria,JAS,Middle,atl3,0.185,0.05,0.3647
Nigeria,JAS,Middle,tna,0.228,0.034,0.3647
Nigeria,JAS,Middle,tsa,0.091,0.1032,0.4143
Nigeria,JAS,Middle,atl_grad,0.395,0.0024,0.3455
Nigeria,JAS,Middle,iod_dmi,-0.367,0.5171,0.7837
Nigeria,JAS,Middle,wvg2,-0.768,0.8752,0.9549
Nigeria,JAS,Middle,wvg3,-0.808,0.9242,0.9549
Nigeria,JJAS,Middle,nino34,-0.658,0.7481,0.8979
Nigeria,JJAS,Middle,atl3,0.197,0.0412,0.3647
Nigeria,JJAS,Middle,tna,-0.033,0.202,0.5102
Nigeria,JJAS,Middle,tsa,0.078,0.1036,0.4143
Nigeria,JJAS,Middle,atl_grad,0.21,0.0314,0.3647
Nigeria,JJAS,Middle,iod_dmi,0.007,0.1568,0.4695
Nigeria,JJAS,Middle,wvg2,-0.831,0.9256,0.9549
Nigeria,JJAS,Middle,wvg3,-0.836,0.9352,0.9551
Nigeria,ASO,Middle,nino34,-0.783,0.8856,0.9549
Nigeria,ASO,Middle,atl3,0.083,0.1036,0.4143
Nigeria,ASO,Middle,tna,0.278,0.0148,0.3647
Nigeria,ASO,Middle,tsa,0.031,0.139,0.4695
Nigeria,ASO,Middle,atl_grad,0.369,0.005,0.3599
Nigeria,ASO,Middle,iod_dmi,-0.052,0.215,0.5246
Nigeria,ASO,Middle,wvg2,-0.826,0.9456,0.9589
Nigeria,ASO,Middle,wvg3,-0.807,0.9238,0.9549
Nigeria,JJA,North,nino34,-0.826,0.9176,0.9549
Nigeria,JJA,North,atl3,-0.248,0.4155,0.6842
Nigeria,JJA,North,tna,-0.855,0.9846,0.9846
Nigeria,JJA,North,tsa,-0.205,0.3755,0.6595
Nigeria,JJA,North,atl_grad,-0.518,0.6597,0.8345
Nigeria,JJA,North,iod_dmi,-0.008,0.1698,0.4701
Nigeria,JJA,North,wvg2,-0.447,0.5845,0.8016
Nigeria,JJA,North,wvg3,-0.664,0.7554,0.899
Nigeria,JAS,North,nino34,0.024,0.1546,0.4695
Nigeria,JAS,North,atl3,-0.22,0.3945,0.6606
Nigeria,JAS,North,tna,-0.146,0.3169,0.6252
Nigeria,JAS,North,tsa,-0.364,0.5431,0.79
Nigeria,JAS,North,atl_grad,-0.073,0.2448,0.5751
Nigeria,JAS,North,iod_dmi,-0.732,0.8234,0.9411
Nigeria,JAS,North,wvg2,0.077,0.1088,0.4234
Nigeria,JAS,North,wvg3,0.011,0.166,0.4701
Nigeria,JJAS,North,nino34,-0.708,0.7992,0.9207
Nigeria,JJAS,North,atl3,-0.111,0.2741,0.5751
Nigeria,JJAS,North,tna,-0.743,0.905,0.9549
Nigeria,JJAS,North,tsa,-0.108,0.2693,0.5751
Nigeria,JJAS,North,atl_grad,-0.297,0.4643,0.7429
Nigeria,JJAS,North,iod_dmi,-0.839,0.9278,0.9549
Nigeria,JJAS,North,wvg2,-0.359,0.5225,0.7837
Nigeria,JJAS,North,wvg3,-0.532,0.6545,0.8345
Nigeria,ASO,North,nino34,0.017,0.1598,0.4695
Nigeria,ASO,North,atl3,-0.445,0.5983,0.8052
Nigeria,ASO,North,tna,-0.077,0.2478,0.5751
Nigeria,ASO,North,tsa,-0.418,0.5717,0.8016
Nigeria,ASO,North,atl_grad,-0.014,0.1822,0.4853
Nigeria,ASO,North,iod_dmi,-0.311,0.4621,0.7429
Nigeria,ASO,North,wvg2,0.032,0.1466,0.4695
Nigeria,ASO,North,wvg3,-0.019,0.1854,0.4853
Ethiopia,MAM,National,nino34,-0.132,0.2999,0.6116
Ethiopia,MAM,National,atl3,-0.739,0.8746,0.9632
Ethiopia,MAM,National,tna,-0.856,0.949,0.9821
Ethiopia,MAM,National,tsa,-0.441,0.6051,0.8299
Ethiopia,MAM,National,atl_grad,-0.561,0.6965,0.8833
Ethiopia,MAM,National,iod_dmi,0.009,0.174,0.5424
Ethiopia,MAM,National,wvg2,-0.011,0.185,0.5424
Ethiopia,MAM,National,wvg3,-0.012,0.1822,0.5424
Ethiopia,AMJ,National,nino34,-0.02,0.1868,0.5424
Ethiopia,AMJ,National,atl3,-0.392,0.5589,0.7962
Ethiopia,AMJ,National,tna,-0.82,0.908,0.9659
Ethiopia,AMJ,National,tsa,-0.783,0.9304,0.9707
Ethiopia,AMJ,National,atl_grad,-0.719,0.8282,0.9363
Ethiopia,AMJ,National,iod_dmi,-0.207,0.3765,0.6836
Ethiopia,AMJ,National,wvg2,0.115,0.0834,0.4024
Ethiopia,AMJ,National,wvg3,0.119,0.0886,0.4024
Ethiopia,JJA,National,nino34,-0.126,0.2843,0.6116
Ethiopia,JJA,National,atl3,-0.204,0.3779,0.6836
Ethiopia,JJA,National,tna,-0.251,0.4397,0.7397
Ethiopia,JJA,National,tsa,-0.035,0.2016,0.5558
Ethiopia,JJA,National,atl_grad,-0.858,0.98,0.991
Ethiopia,JJA,National,iod_dmi,-0.326,0.4865,0.7496
Ethiopia,JJA,National,wvg2,-0.031,0.2058,0.5558
Ethiopia,JJA,National,wvg3,-0.058,0.2174,0.5643
Ethiopia,JAS,National,nino34,0.295,0.0154,0.1456
Ethiopia,JAS,National,atl3,-0.129,0.2841,0.6116
Ethiopia,JAS,National,tna,-0.116,0.2881,0.6116
Ethiopia,JAS,National,tsa,-0.066,0.2501,0.5913
Ethiopia,JAS,National,atl_grad,-0.686,0.8118,0.9257
Ethiopia,JAS,National,iod_dmi,-0.35,0.5117,0.7713
Ethiopia,JAS,National,wvg2,0.329,0.0104,0.1272
Ethiopia,JAS,National,wvg3,0.329,0.0132,0.1445
Ethiopia,JJAS,National,nino34,-0.211,0.3671,0.6806
Ethiopia,JJAS,National,atl3,-0.244,0.4083,0.7078
Ethiopia,JJAS,National,tna,-0.17,0.3455,0.6693
Ethiopia,JJAS,National,tsa,-0.082,0.2442,0.5913
Ethiopia,JJAS,National,atl_grad,-0.781,0.904,0.9659
Ethiopia,JJAS,National,iod_dmi,-0.254,0.4219,0.7253
Ethiopia,JJAS,National,wvg2,-0.096,0.2629,0.6077
Ethiopia,JJAS,National,wvg3,-0.129,0.2923,0.6116
Ethiopia,ASO,National,nino34,-0.375,0.5437,0.7962
Ethiopia,ASO,National,atl3,-0.128,0.2997,0.6116
Ethiopia,ASO,National,tna,-0.673,0.8144,0.9257
Ethiopia,ASO,National,tsa,-0.123,0.2975,0.6116
Ethiopia,ASO,National,atl_grad,-0.283,0.4623,0.7397
Ethiopia,ASO,National,iod_dmi,0.158,0.0514,0.3239
Ethiopia,ASO,National,wvg2,-0.259,0.4331,0.7384
Ethiopia,ASO,National,wvg3,-0.269,0.4463,0.7397
Ethiopia,SON,National,nino34,0.304,0.009,0.117
Ethiopia,SON,National,atl3,0.163,0.0466,0.3028
Ethiopia,SON,National,tna,-0.495,0.6593,0.8679
Ethiopia,SON,National,tsa,0.182,0.0334,0.2395
Ethiopia,SON,National,atl_grad,0.04,0.1166,0.4755
Ethiopia,SON,National,iod_dmi,0.392,0.0014,0.0291
Ethiopia,SON,National,wvg2,0.379,0.0022,0.0381
Ethiopia,SON,National,wvg3,0.357,0.003,0.0446
Ethiopia,MAM,South,nino34,-0.182,0.3507,0.6693
Ethiopia,MAM,South,atl3,-0.771,0.9188,0.9659
Ethiopia,MAM,South,tna,-0.659,0.7614,0.9188
Ethiopia,MAM,South,tsa,-0.856,0.9892,0.991
Ethiopia,MAM,South,atl_grad,-0.66,0.7716,0.9188
Ethiopia,MAM,South,iod_dmi,-0.031,0.204,0.5558
Ethiopia,MAM,South,wvg2,-0.055,0.2198,0.5643
Ethiopia,MAM,South,wvg3,-0.051,0.2232,0.5661
Ethiopia,AMJ,South,nino34,0.038,0.1428,0.521
Ethiopia,AMJ,South,atl3,-0.389,0.5553,0.7962
Ethiopia,AMJ,South,tna,-0.712,0.8104,0.9257
Ethiopia,AMJ,South,tsa,-0.662,0.791,0.9257
Ethiopia,AMJ,South,atl_grad,-0.747,0.8466,0.9519
Ethiopia,AMJ,South,iod_dmi,-0.376,0.5453,0.7962
Ethiopia,AMJ,South,wvg2,0.141,0.071,0.3803
Ethiopia,AMJ,South,wvg3,0.153,0.0608,0.3613
Ethiopia,JJA,South,nino34,-0.878,0.9904,0.991
Ethiopia,JJA,South,atl3,-0.461,0.6067,0.8299
Ethiopia,JJA,South,tna,-0.716,0.885,0.9659
Ethiopia,JJA,South,tsa,-0.191,0.3697,0.6806
Ethiopia,JJA,South,atl_grad,-0.295,0.4611,0.7397
Ethiopia,JJA,South,iod_dmi,-0.106,0.2751,0.6116
Ethiopia,JJA,South,wvg2,-0.857,0.9728,0.991
Ethiopia,JJA,South,wvg3,-0.876,0.9906,0.991
Ethiopia,JAS,South,nino34,0.016,0.1664,0.5424
Ethiopia,JAS,South,atl3,-0.632,0.7606,0.9188
Ethiopia,JAS,South,tna,-0.315,0.4777,0.7496
Ethiopia,JAS,South,tsa,-0.746,0.9194,0.9659
Ethiopia,JAS,South,atl_grad,-0.394,0.5465,0.7962
Ethiopia,JAS,South,iod_dmi,-0.152,0.3161,0.6323
Ethiopia,JAS,South,wvg2,0.041,0.1422,0.521
Ethiopia,JAS,South,wvg3,0.034,0.1366,0.521
Ethiopia,JJAS,South,nino34,-0.547,0.6859,0.8806
Ethiopia,JJAS,South,atl3,-0.65,0.773,0.9188
Ethiopia,JJAS,South,tna,-0.663,0.8104,0.9257
Ethiopia,JJAS,South,tsa,-0.429,0.5989,0.8299
Ethiopia,JJAS,South,atl_grad,-0.791,0.911,0.9659
Ethiopia,JJAS,South,iod_dmi,-0.206,0.3661,0.6806
Ethiopia,JJAS,South,wvg2,-0.463,0.6147,0.8302
Ethiopia,JJAS,South,wvg3,-0.52,0.6521,0.8639
Ethiopia,ASO,South,nino34,0.22,0.0284,0.2109
Ethiopia,ASO,South,atl3,0.127,0.0732,0.3803
Ethiopia,ASO,South,tna,-0.623,0.7726,0.9188
Ethiopia,ASO,South,tsa,0.096,0.089,0.4024
Ethiopia,ASO,South,atl_grad,-0.12,0.2899,0.6116
Ethiopia,ASO,South,iod_dmi,0.338,0.0064,0.0887
Ethiopia,ASO,South,wvg2,0.235,0.0246,0.1968
Ethiopia,ASO,South,wvg3,0.246,0.022,0.1968
Ethiopia,SON,South,nino34,0.485,0.0002,0.0104
Ethiopia,SON,South,atl3,0.276,0.015,0.1456
Ethiopia,SON,South,tna,-0.31,0.4837,0.7496
Ethiopia,SON,South,tsa,0.268,0.0144,0.1456
Ethiopia,SON,South,atl_grad,0.175,0.046,0.3028
Ethiopia,SON,South,iod_dmi,0.446,0.0006,0.0156
Ethiopia,SON,South,wvg2,0.527,0.0002,0.0104
Ethiopia,SON,South,wvg3,0.51,0.0004,0.0119
Ethiopia,OND,South,nino34,0.559,0.0004,0.0119
Ethiopia,OND,South,atl3,0.218,0.0246,0.1968
Ethiopia,OND,South,tna,-0.537,0.7037,0.887
Ethiopia,OND,South,tsa,0.18,0.0422,0.2925
Ethiopia,OND,South,atl_grad,0.026,0.1302,0.5207
Ethiopia,OND,South,iod_dmi,0.549,0.0002,0.0104
Ethiopia,OND,South,wvg2,0.591,0.0002,0.0104
Ethiopia,OND,South,wvg3,0.579,0.0004,0.0119
Ethiopia,MAM,Central,nino34,-0.043,0.2182,0.5643
Ethiopia,MAM,Central,atl3,-0.756,0.8938,0.9659
Ethiopia,MAM,Central,tna,-0.787,0.869,0.9632
Ethiopia,MAM,Central,tsa,-0.19,0.3423,0.6693
Ethiopia,MAM,Central,atl_grad,-0.43,0.5743,0.8126
Ethiopia,MAM,Central,iod_dmi,0.001,0.172,0.5424
Ethiopia,MAM,Central,wvg2,0.044,0.1506,0.5303
Ethiopia,MAM,Central,wvg3,0.046,0.1426,0.521
Ethiopia,AMJ,Central,nino34,-0.015,0.189,0.5424
Ethiopia,AMJ,Central,atl3,-0.382,0.5477,0.7962
Ethiopia,AMJ,Central,tna,-0.571,0.6837,0.8806
Ethiopia,AMJ,Central,tsa,-0.639,0.7662,0.9188
Ethiopia,AMJ,Central,atl_grad,-0.707,0.8126,0.9257
Ethiopia,AMJ,Central,iod_dmi,-0.313,0.4825,0.7496
Ethiopia,AMJ,Central,wvg2,0.126,0.0752,0.3803
Ethiopia,AMJ,Central,wvg3,0.13,0.0768,0.3803
Ethiopia,JJA,Central,nino34,-0.439,0.5845,0.8214
Ethiopia,JJA,Central,atl3,-0.334,0.5027,0.7632
Ethiopia,JJA,Central,tna,-0.224,0.3953,0.6968
Ethiopia,JJA,Central,tsa,-0.157,0.3327,0.6591
Ethiopia,JJA,Central,atl_grad,-0.806,0.9334,0.9707
Ethiopia,JJA,Central,iod_dmi,-0.559,0.6835,0.8806
Ethiopia,JJA,Central,wvg2,-0.316,0.4779,0.7496
Ethiopia,JJA,Central,wvg3,-0.347,0.4913,0.7514
Ethiopia,JAS,Central,nino34,-0.087,0.2474,0.5913
Ethiopia,JAS,Central,atl3,-0.441,0.5919,0.8263
Ethiopia,JAS,Central,tna,0.001,0.1804,0.5424
Ethiopia,JAS,Central,tsa,-0.223,0.4049,0.7078
Ethiopia,JAS,Central,atl_grad,-0.362,0.5229,0.7825
Ethiopia,JAS,Central,iod_dmi,-0.149,0.3051,0.6162
Ethiopia,JAS,Central,wvg2,-0.026,0.1904,0.5424
Ethiopia,JAS,Central,wvg3,-0.035,0.199,0.5558
Ethiopia,JJAS,Central,nino34,-0.679,0.769,0.9188
Ethiopia,JJAS,Central,atl3,-0.401,0.5565,0.7962
Ethiopia,JJAS,Central,tna,-0.068,0.2366,0.5857
Ethiopia,JJAS,Central,tsa,-0.214,0.3825,0.6859
Ethiopia,JJAS,Central,atl_grad,-0.448,0.6105,0.8299
Ethiopia,JJAS,Central,iod_dmi,-0.287,0.4589,0.7397
Ethiopia,JJAS,Central,wvg2,-0.513,0.6503,0.8639
Ethiopia,JJAS,Central,wvg3,-0.55,0.6779,0.8806
Ethiopia,ASO,Central,nino34,-0.289,0.4517,0.7397
Ethiopia,ASO,Central,atl3,-0.118,0.2853,0.6116
Ethiopia,ASO,Central,tna,-0.674,0.8112,0.9257
Ethiopia,ASO,Central,tsa,-0.126,0.2971,0.6116
Ethiopia,ASO,Central,atl_grad,-0.282,0.4431,0.7397
Ethiopia,ASO,Central,iod_dmi,0.086,0.104,0.4506
Ethiopia,ASO,Central,wvg2,-0.178,0.3479,0.6693
Ethiopia,ASO,Central,wvg3,-0.198,0.3649,0.6806
Ethiopia,SON,Central,nino34,0.14,0.0586,0.3584
Ethiopia,SON,Central,atl3,0.121,0.0766,0.3803
Ethiopia,SON,Central,tna,-0.524,0.6925,0.8833
Ethiopia,SON,Central,tsa,0.124,0.0626,0.3616
Ethiopia,SON,Central,atl_grad,-0.001,0.169,0.5424
Ethiopia,SON,Central,iod_dmi,0.271,0.013,0.1445
Ethiopia,SON,Central,wvg2,0.216,0.0242,0.1968
Ethiopia,SON,Central,wvg3,0.199,0.0268,0.2064
Ethiopia,JJA,North,nino34,0.048,0.1336,0.521
Ethiopia,JJA,North,atl3,-0.123,0.2979,0.6116
Ethiopia,JJA,North,tna,-0.066,0.2304,0.5773
Ethiopia,JJA,North,tsa,-0.039,0.2096,0.5588
Ethiopia,JJA,North,atl_grad,-0.612,0.7493,0.9188
Ethiopia,JJA,North,iod_dmi,-0.642,0.7449,0.9188
Ethiopia,JJA,North,wvg2,0.144,0.0654,0.3676
Ethiopia,JJA,North,wvg3,0.122,0.0854,0.4024
Ethiopia,JAS,North,nino34,0.389,0.003,0.0446
Ethiopia,JAS,North,atl3,0.091,0.1032,0.4506
Ethiopia,JAS,North,tna,-0.297,0.4573,0.7397
Ethiopia,JAS,North,tsa,0.085,0.1062,0.4507
Ethiopia,JAS,North,atl_grad,-0.743,0.8892,0.9659
Ethiopia,JAS,North,iod_dmi,-0.761,0.8622,0.9632
Ethiopia,JAS,North,wvg2,0.419,0.0022,0.0381
Ethiopia,JAS,North,wvg3,0.423,0.001,0.0231
Ethiopia,JJAS,North,nino34,-0.099,0.2561,0.5986
Ethiopia,JJAS,North,atl3,-0.071,0.2501,0.5913
Ethiopia,JJAS,North,tna,-0.206,0.3897,0.6928
Ethiopia,JJAS,North,tsa,-0.007,0.1854,0.5424
Ethiopia,JJAS,North,atl_grad,-0.861,0.9822,0.991
Ethiopia,JJAS,North,iod_dmi,-0.508,0.6427,0.8624
Ethiopia,JJAS,North,wvg2,0.016,0.153,0.5303
Ethiopia,JJAS,North,wvg3,-0.012,0.1752,0.5424
Ethiopia,ASO,North,nino34,0.077,0.1084,0.4509
Ethiopia,ASO,North,atl3,-0.575,0.7105,0.8902
Ethiopia,ASO,North,tna,-0.847,0.991,0.991
Ethiopia,ASO,North,tsa,-0.746,0.8752,0.9632
Ethiopia,ASO,North,atl_grad,-0.765,0.9,0.9659
Ethiopia,ASO,North,iod_dmi,-0.695,0.7838,0.9257
Ethiopia,ASO,North,wvg2,-0.009,0.177,0.5424
Ethiopia,ASO,North,wvg3,0.02,0.1524,0.5303
Kenya,MAM,National,nino34,-0.104,0.2661,0.4895
Kenya,MAM,National,atl3,-0.674,0.803,0.9098
Kenya,MAM,National,tna,-0.816,0.8878,0.9467
Kenya,MAM,National,tsa,-0.845,0.973,0.9807
Kenya,MAM,National,atl_grad,-0.831,0.9246,0.9602
Kenya,MAM,National,iod_dmi,-0.027,0.193,0.4062
Kenya,MAM,National,wvg2,-0.05,0.215,0.4222
Kenya,MAM,National,wvg3,-0.034,0.1816,0.3926
Kenya,AMJ,National,nino34,0.251,0.0244,0.0929
Kenya,AMJ,National,atl3,-0.504,0.6501,0.8281
Kenya,AMJ,National,tna,-0.546,0.6703,0.8378
Kenya,AMJ,National,tsa,-0.311,0.4779,0.7146
Kenya,AMJ,National,atl_grad,-0.133,0.2943,0.5175
Kenya,AMJ,National,iod_dmi,-0.795,0.9196,0.9602
Kenya,AMJ,National,wvg2,0.291,0.0158,0.0722
Kenya,AMJ,National,wvg3,0.298,0.0116,0.0546
Kenya,SON,National,nino34,0.414,0.002,0.011
Kenya,SON,National,atl3,0.162,0.053,0.16
Kenya,SON,National,tna,-0.43,0.5973,0.7867
Kenya,SON,National,tsa,0.126,0.067,0.1914
Kenya,SON,National,atl_grad,0.026,0.1432,0.332
Kenya,SON,National,iod_dmi,0.43,0.0004,0.0043
Kenya,SON,National,wvg2,0.458,0.0004,0.0043
Kenya,SON,National,wvg3,0.438,0.0008,0.0058
Kenya,OND,National,nino34,0.508,0.0004,0.0043
Kenya,OND,National,atl3,0.145,0.0552,0.1635
Kenya,OND,National,tna,-0.606,0.7445,0.8805
Kenya,OND,National,tsa,0.087,0.0842,0.2245
Kenya,OND,National,atl_grad,-0.268,0.4481,0.6862
Kenya,OND,National,iod_dmi,0.535,0.0002,0.0036
Kenya,OND,National,wvg2,0.556,0.0004,0.0043
Kenya,OND,National,wvg3,0.538,0.0002,0.0036
Kenya,MAM,South,nino34,-0.389,0.5593,0.7714
Kenya,MAM,South,atl3,-0.279,0.4503,0.6862
Kenya,MAM,South,tna,-0.734,0.8284,0.9168
Kenya,MAM,South,tsa,-0.786,0.9252,0.9602
Kenya,MAM,South,atl_grad,-0.8,0.8934,0.9467
Kenya,MAM,South,iod_dmi,-0.043,0.2084,0.4167
Kenya,MAM,South,wvg2,-0.374,0.5495,0.7648
Kenya,MAM,South,wvg3,-0.329,0.4965,0.7288
Kenya,AMJ,South,nino34,0.248,0.0238,0.0929
Kenya,AMJ,South,atl3,-0.834,0.9684,0.9807
Kenya,AMJ,South,tna,-0.412,0.5671,0.7755
Kenya,AMJ,South,tsa,-0.381,0.5497,0.7648
Kenya,AMJ,South,atl_grad,-0.138,0.3155,0.5314
Kenya,AMJ,South,iod_dmi,-0.68,0.8024,0.9098
Kenya,AMJ,South,wvg2,0.261,0.0192,0.083
Kenya,AMJ,South,wvg3,0.259,0.0188,0.083
Kenya,SON,South,nino34,0.417,0.0026,0.0134
Kenya,SON,South,atl3,0.169,0.051,0.16
Kenya,SON,South,tna,-0.728,0.869,0.9459
Kenya,SON,South,tsa,0.115,0.0828,0.2245
Kenya,SON,South,atl_grad,-0.145,0.3139,0.5314
Kenya,SON,South,iod_dmi,0.393,0.0022,0.0117
Kenya,SON,South,wvg2,0.454,0.0012,0.008
Kenya,SON,South,wvg3,0.445,0.001,0.007
Kenya,OND,South,nino34,0.493,0.0004,0.0043
Kenya,OND,South,atl3,0.2,0.0388,0.1293
Kenya,OND,South,tna,-0.303,0.4859,0.7199
Kenya,OND,South,tsa,0.1,0.0896,0.235
Kenya,OND,South,atl_grad,-0.502,0.6573,0.8281
Kenya,OND,South,iod_dmi,0.498,0.0004,0.0043
Kenya,OND,South,wvg2,0.537,0.0008,0.0058
Kenya,OND,South,wvg3,0.524,0.0006,0.0051
Kenya,MAM,Central,nino34,-0.06,0.227,0.4327
Kenya,MAM,Central,atl3,-0.718,0.8536,0.9355
Kenya,MAM,Central,tna,-0.762,0.8308,0.9168
Kenya,MAM,Central,tsa,-0.864,0.9872,0.9872
Kenya,MAM,Central,atl_grad,-0.822,0.9302,0.9602
Kenya,MAM,Central,iod_dmi,-0.029,0.1972,0.4089
Kenya,MAM,Central,wvg2,-0.007,0.1772,0.3883
Kenya,MAM,Central,wvg3,0.002,0.1716,0.3813
Kenya,AMJ,Central,nino34,0.174,0.0454,0.1453
Kenya,AMJ,Central,atl3,-0.611,0.7485,0.8805
Kenya,AMJ,Central,tna,-0.608,0.7317,0.8805
Kenya,AMJ,Central,tsa,-0.461,0.6217,0.8022
Kenya,AMJ,Central,atl_grad,-0.236,0.4105,0.6503
Kenya,AMJ,Central,iod_dmi,-0.684,0.8074,0.9098
Kenya,AMJ,Central,wvg2,0.218,0.0296,0.1059
Kenya,AMJ,Central,wvg3,0.224,0.032,0.1113
Kenya,JJA,Central,nino34,-0.609,0.7185,0.8805
Kenya,JJA,Central,atl3,-0.445,0.5999,0.7867
Kenya,JJA,Central,tna,-0.719,0.887,0.9467
Kenya,JJA,Central,tsa,-0.266,0.4465,0.6862
Kenya,JJA,Central,atl_grad,-0.655,0.7776,0.9082
Kenya,JJA,Central,iod_dmi,0.024,0.1602,0.3661
Kenya,JJA,Central,wvg2,-0.633,0.7479,0.8805
Kenya,JJA,Central,wvg3,-0.628,0.7385,0.8805
Kenya,JAS,Central,nino34,0.227,0.0282,0.1049
Kenya,JAS,Central,atl3,-0.435,0.5847,0.7861
Kenya,JAS,Central,tna,-0.121,0.2919,0.5175
Kenya,JAS,Central,tsa,-0.223,0.3987,0.6444
Kenya,JAS,Central,atl_grad,-0.448,0.6093,0.7926
Kenya,JAS,Central,iod_dmi,-0.091,0.2507,0.4665
Kenya,JAS,Central,wvg2,0.237,0.0298,0.1059
Kenya,JAS,Central,wvg3,0.249,0.0234,0.0929
Kenya,JJAS,Central,nino34,-0.357,0.5199,0.7427
Kenya,JJAS,Central,atl3,-0.409,0.5727,0.7765
Kenya,JJAS,Central,tna,-0.281,0.4571,0.69
Kenya,JJAS,Central,tsa,-0.181,0.3631,0.599
Kenya,JJAS,Central,atl_grad,-0.826,0.9426,0.9668
Kenya,JJAS,Central,iod_dmi,-0.008,0.1714,0.3813
Kenya,JJAS,Central,wvg2,-0.337,0.5061,0.7361
Kenya,JJAS,Central,wvg3,-0.352,0.5253,0.7438
Kenya,ASO,Central,nino34,-0.051,0.2164,0.4222
Kenya,ASO,Central,atl3,-0.036,0.2058,0.4167
Kenya,ASO,Central,tna,-0.521,0.6883,0.8537
Kenya,ASO,Central,tsa,-0.138,0.3121,0.5314
Kenya,ASO,Central,atl_grad,-0.211,0.3813,0.6226
Kenya,ASO,Central,iod_dmi,0.389,0.0028,0.014
Kenya,ASO,Central,wvg2,-0.029,0.1994,0.4089
Kenya,ASO,Central,wvg3,-0.061,0.2272,0.4327
Kenya,SON,Central,nino34,0.379,0.0032,0.0155
Kenya,SON,Central,atl3,0.11,0.0794,0.219
Kenya,SON,Central,tna,-0.339,0.5195,0.7427
Kenya,SON,Central,tsa,0.093,0.0922,0.2379
Kenya,SON,Central,atl_grad,0.04,0.125,0.2984
Kenya,SON,Central,iod_dmi,0.398,0.0014,0.009
Kenya,SON,Central,wvg2,0.416,0.0016,0.0098
Kenya,SON,Central,wvg3,0.395,0.0018,0.0103
Kenya,OND,Central,nino34,0.491,0.0002,0.0036
Kenya,OND,Central,atl3,0.063,0.1132,0.2786
Kenya,OND,Central,tna,-0.652,0.7854,0.9098
Kenya,OND,Central,tsa,0.059,0.1074,0.2684
Kenya,OND,Central,atl_grad,-0.252,0.4333,0.6797
Kenya,OND,Central,iod_dmi,0.509,0.0002,0.0036
Kenya,OND,Central,wvg2,0.539,0.0002,0.0036
Kenya,OND,Central,wvg3,0.521,0.0002,0.0036
Kenya,MAM,North,nino34,-0.029,0.1916,0.4062
Kenya,MAM,North,atl3,-0.491,0.6549,0.8281
Kenya,MAM,North,tna,-0.698,0.7908,0.9098
Kenya,MAM,North,tsa,-0.441,0.5975,0.7867
Kenya,MAM,North,atl_grad,-0.782,0.878,0.9467
Kenya,MAM,North,iod_dmi,-0.122,0.2815,0.5119
Kenya,MAM,North,wvg2,0.045,0.1294,0.3044
Kenya,MAM,North,wvg3,0.057,0.1164,0.2821
Kenya,AMJ,North,nino34,0.197,0.0396,0.1293
Kenya,AMJ,North,atl3,-0.107,0.2851,0.5126
Kenya,AMJ,North,tna,-0.744,0.8262,0.9168
Kenya,AMJ,North,tsa,-0.176,0.3583,0.5972
Kenya,AMJ,North,atl_grad,-0.134,0.3019,0.5251
Kenya,AMJ,North,iod_dmi,-0.849,0.9746,0.9807
Kenya,AMJ,North,wvg2,0.255,0.023,0.0929
Kenya,AMJ,North,wvg3,0.269,0.0218,0.0918
Kenya,SON,North,nino34,0.407,0.0018,0.0103
Kenya,SON,North,atl3,0.182,0.0396,0.1293
Kenya,SON,North,tna,-0.238,0.4083,0.6503
Kenya,SON,North,tsa,0.145,0.0528,0.16
Kenya,SON,North,atl_grad,0.118,0.0686,0.1925
Kenya,SON,North,iod_dmi,0.451,0.0006,0.0051
Kenya,SON,North,wvg2,0.465,0.0006,0.0051
Kenya,SON,North,wvg3,0.435,0.0008,0.0058
Kenya,OND,North,nino34,0.498,0.0006,0.0051
Kenya,OND,North,atl3,0.123,0.0642,0.1867
Kenya,OND,North,tna,-0.581,0.7365,0.8805
Kenya,OND,North,tsa,0.07,0.1016,0.258
Kenya,OND,North,atl_grad,-0.08,0.241,0.4536
Kenya,OND,North,iod_dmi,0.563,0.0002,0.0036
Kenya,OND,North,wvg2,0.549,0.0002,0.0036
Kenya,OND,North,wvg3,0.527,0.0002,0.0036
